Blatt,Adresse,Formel,Wert
Kalkulation,A1,Tarifrechner KLV,Tarifrechner KLV
Kalkulation,D1,Pfefferminzia Lebensversicherung AG,Pfefferminzia Lebensversicherung AG
Kalkulation,J1,VBA-Lösung mit KW-Cache,VBA-Lösung mit KW-Cache
Kalkulation,A3,Vertragsdaten,Vertragsdaten
Kalkulation,D3,Tarifdaten,Tarifdaten
Kalkulation,G3,Grenzen,Grenzen
Kalkulation,J3,Beitragsberechnung,Beitragsberechnung
Kalkulation,A4,x,x
Kalkulation,B4,40,40
Kalkulation,D4,Zins,Zins
Kalkulation,E4,0.0175,0.0175
Kalkulation,G4,MinAlterFlex,MinAlterFlex
Kalkulation,H4,60,60
Kalkulation,A5,Sex,Sex
Kalkulation,B5,M,M
Kalkulation,D5,Tafel,Tafel
Kalkulation,E5,DAV1994_T,DAV1994_T
Kalkulation,G5,MinRLZFlex,MinRLZFlex
Kalkulation,H5,5,5
Kalkulation,J5,Bxt,Bxt
Kalkulation,K5,"=( act_nGrAx(x,n,Sex,Tafel,Zins)+Act_Dx(x+n,Sex,Tafel,Zins)/Act_Dx(x,Sex,Tafel,Zins)+gamma1*Act_axn_k(x,t,Sex,Tafel,Zins,1)+gamma2*(Act_axn_k(x,n,Sex,Tafel,Zins,1)-Act_axn_k(x,t,Sex,Tafel,Zins,1)))/((1-beta1)*Act_axn_k(x,t,Sex,Tafel,Zins,1)-alpha*t)",0.04226001029372492
Kalkulation,A6,n,n
Kalkulation,B6,30,30
Kalkulation,D6,alpha,alpha
Kalkulation,E6,0.025,0.025
Kalkulation,J6,BJB,BJB
Kalkulation,K6,=VS*K5,4226.001
Kalkulation,A7,t,t
Kalkulation,B7,20,20
Kalkulation,D7,beta1,beta1
Kalkulation,E7,0.025,0.025
Kalkulation,J7,BZB,BZB
Kalkulation,K7,=(1+ratzu)/zw*(K6+k),371.8751
Kalkulation,A8,VS,VS
Kalkulation,B8,100000,100000
Kalkulation,D8,gamma1,gamma1
Kalkulation,E8,0.0008,0.0008
Kalkulation,A9,zw,zw
Kalkulation,B9,12,12
Kalkulation,D9,gamma2,gamma2
Kalkulation,E9,0.00125,0.00125
Kalkulation,J9,Pxt,Pxt
Kalkulation,K9,"=(act_nGrAx(x,n,Sex,Tafel,Zins)+Act_Dx(x+n,Sex,Tafel,Zins)/Act_Dx(x,Sex,Tafel,Zins)+t*alpha*B_xt)/Act_axn_k(x,t,Sex,Tafel,Zins,1)",0.040012169238708255
Kalkulation,D10,gamma3,gamma3
Kalkulation,E10,0.0025,0.0025
Kalkulation,D11,k,k
Kalkulation,E11,24,24
Kalkulation,D12,ratzu,ratzu
Kalkulation,E12,"=IF(zw=2,2%,IF(zw=4,3%,IF(zw=12,5%,0)))",0.05
Kalkulation,A14,Verlaufswerte,Verlaufswerte
Kalkulation,A15,k,k
Kalkulation,B15,Axn,Axn
Kalkulation,C15,axn,axn
Kalkulation,D15,axt,axt
Kalkulation,E15,kVx_bpfl,kVx_bpfl
Kalkulation,F15,kDRx_bpfl,kDRx_bpfl
Kalkulation,G15,kVx_bfr,kVx_bfr
Kalkulation,H15,kVx_MRV,kVx_MRV
Kalkulation,I15,flex. Phase,flex. Phase
Kalkulation,J15,StoAb,StoAb
Kalkulation,K15,RKW,RKW
Kalkulation,L15,VS_bfr,VS_bfr
Kalkulation,A16,0,0
Kalkulation,B16,"=IF(A16<=n,act_nGrAx(x+$A16,MAX(0,n-$A16),Sex,Tafel,Zins)+Act_Dx(x+n,Sex,Tafel,Zins)/Act_Dx(x+$A16,Sex,Tafel,Zins),0)",0.63159227805218
Kalkulation,C16,"=Act_axn_k(x+$A16,MAX(0,n-$A16),Sex,Tafel,Zins,1)",21.420277547537385
Kalkulation,D16,"=Act_axn_k(x+$A16,MAX(0,t-$A16),Sex,Tafel,Zins,1)",16.31309413156213
Kalkulation,E16,"=B16-P_xt*D16+gamma2*(C16-Act_axn_k(x,n,Sex,Tafel,Zins,1)/Act_axn_k(x,t,Sex,Tafel,Zins,1)*D16)",-0.021130005146862474
Kalkulation,F16,=VS*E16,-2113.0005
Kalkulation,G16,=B16+gamma3*C16,0.6851429719210235
Kalkulation,H16,"=F16+alpha*t*BJB*Act_axn_k(x+A16,MAX(5-A16,0),Sex,Tafel,Zins,1)/Act_axn_k(x,5,Sex,Tafel,Zins,1)",0
Kalkulation,I16,"=IF(AND(x+A16>=MinAlterFlex,A16>=n-MinRLZFlex),1,0)",0
Kalkulation,J16,"=IF(OR(A16>n,I16),0,MIN(150,MAX(50,1%*(VS-F16))))",150
Kalkulation,K16,"=MAX(0,H16-J16)",0
Kalkulation,L16,"=IFERROR(IF(A16>n,0,IF(A16<t,H16/G16,VS)),0)",0
Kalkulation,A17,1,1
Kalkulation,B17,"=IF(A17<=n,act_nGrAx(x+$A17,MAX(0,n-$A17),Sex,Tafel,Zins)+Act_Dx(x+n,Sex,Tafel,Zins)/Act_Dx(x+$A17,Sex,Tafel,Zins),0)",0.6417247337591211
Kalkulation,C17,"=Act_axn_k(x+$A17,MAX(0,n-$A17),Sex,Tafel,Zins,1)",20.8311476228625
Kalkulation,D17,"=Act_axn_k(x+$A17,MAX(0,t-$A17),Sex,Tafel,Zins,1)",15.621204152331885
Kalkulation,E17,"=B17-P_xt*D17+gamma2*(C17-Act_axn_k(x,n,Sex,Tafel,Zins,1)/Act_axn_k(x,t,Sex,Tafel,Zins,1)*D17)",0.017085684348174136
Kalkulation,F17,=VS*E17,1708.5684
Kalkulation,G17,=B17+gamma3*C17,0.6938026028162774
Kalkulation,H17,"=F17+alpha*t*BJB*Act_axn_k(x+A17,MAX(5-A17,0),Sex,Tafel,Zins,1)/Act_axn_k(x,5,Sex,Tafel,Zins,1)",3415.4079
Kalkulation,I17,"=IF(AND(x+A17>=MinAlterFlex,A17>=n-MinRLZFlex),1,0)",0
Kalkulation,J17,"=IF(OR(A17>n,I17),0,MIN(150,MAX(50,1%*(VS-F17))))",150
Kalkulation,K17,"=MAX(0,H17-J17)",3265.4079
Kalkulation,L17,"=IFERROR(IF(A17>n,0,IF(A17<t,H17/G17,VS)),0)",4922.7372
Kalkulation,A18,2,2
Kalkulation,B18,"=IF(A18<=n,act_nGrAx(x+$A18,MAX(0,n-$A18),Sex,Tafel,Zins)+Act_Dx(x+n,Sex,Tafel,Zins)/Act_Dx(x+$A18,Sex,Tafel,Zins),0)",0.6519724347833002
Kalkulation,C18,"=Act_axn_k(x+$A18,MAX(0,n-$A18),Sex,Tafel,Zins,1)",20.235317006171048
Kalkulation,D18,"=Act_axn_k(x+$A18,MAX(0,t-$A18),Sex,Tafel,Zins,1)",14.919192104308186
Kalkulation,E18,"=B18-P_xt*D18+gamma2*(C18-Act_axn_k(x,n,Sex,Tafel,Zins,1)/Act_axn_k(x,t,Sex,Tafel,Zins,1)*D18)",0.05582986298950499
Kalkulation,F18,=VS*E18,5582.9863
Kalkulation,G18,=B18+gamma3*C18,0.7025607272987279
Kalkulation,H18,"=F18+alpha*t*BJB*Act_axn_k(x+A18,MAX(5-A18,0),Sex,Tafel,Zins,1)/Act_axn_k(x,5,Sex,Tafel,Zins,1)",6875.8217
Kalkulation,I18,"=IF(AND(x+A18>=MinAlterFlex,A18>=n-MinRLZFlex),1,0)",0
Kalkulation,J18,"=IF(OR(A18>n,I18),0,MIN(150,MAX(50,1%*(VS-F18))))",150
Kalkulation,K18,"=MAX(0,H18-J18)",6725.8217
Kalkulation,L18,"=IFERROR(IF(A18>n,0,IF(A18<t,H18/G18,VS)),0)",9786.8006
Kalkulation,A19,3,3
Kalkulation,B19,"=IF(A19<=n,act_nGrAx(x+$A19,MAX(0,n-$A19),Sex,Tafel,Zins)+Act_Dx(x+n,Sex,Tafel,Zins)/Act_Dx(x+$A19,Sex,Tafel,Zins),0)",0.6623395947209115
Kalkulation,C19,"=Act_axn_k(x+$A19,MAX(0,n-$A19),Sex,Tafel,Zins,1)",19.63254070694141
Kalkulation,D19,"=Act_axn_k(x+$A19,MAX(0,t-$A19),Sex,Tafel,Zins,1)",14.20663384481256
Kalkulation,E19,"=B19-P_xt*D19+gamma2*(C19-Act_axn_k(x,n,Sex,Tafel,Zins,1)/Act_axn_k(x,t,Sex,Tafel,Zins,1)*D19)",0.09512410516648707
Kalkulation,F19,=VS*E19,9512.4105
Kalkulation,G19,=B19+gamma3*C19,0.711420946488265
Kalkulation,H19,"=F19+alpha*t*BJB*Act_axn_k(x+A19,MAX(5-A19,0),Sex,Tafel,Zins,1)/Act_axn_k(x,5,Sex,Tafel,Zins,1)",10383.0348
Kalkulation,I19,"=IF(AND(x+A19>=MinAlterFlex,A19>=n-MinRLZFlex),1,0)",0
Kalkulation,J19,"=IF(OR(A19>n,I19),0,MIN(150,MAX(50,1%*(VS-F19))))",150
Kalkulation,K19,"=MAX(0,H19-J19)",10233.0348
Kalkulation,L19,"=IFERROR(IF(A19>n,0,IF(A19<t,H19/G19,VS)),0)",14594.7836
Kalkulation,A20,4,4
Kalkulation,B20,"=IF(A20<=n,act_nGrAx(x+$A20,MAX(0,n-$A20),Sex,Tafel,Zins)+Act_Dx(x+n,Sex,Tafel,Zins)/Act_Dx(x+$A20,Sex,Tafel,Zins),0)",0.6728223870534769
Kalkulation,C20,"=Act_axn_k(x+$A20,MAX(0,n-$A20),Sex,Tafel,Zins,1)",19.023041209890845
Kalkulation,D20,"=Act_axn_k(x+$A20,MAX(0,t-$A20),Sex,Tafel,Zins,1)",13.483418274793564
Kalkulation,E20,"=B20-P_xt*D20+gamma2*(C20-Act_axn_k(x,n,Sex,Tafel,Zins,1)/Act_axn_k(x,t,Sex,Tafel,Zins,1)*D20)",0.13496949013199303
Kalkulation,F20,=VS*E20,13496.949
Kalkulation,G20,=B20+gamma3*C20,0.720379990078204
Kalkulation,H20,"=F20+alpha*t*BJB*Act_axn_k(x+A20,MAX(5-A20,0),Sex,Tafel,Zins,1)/Act_axn_k(x,5,Sex,Tafel,Zins,1)",13936.7755
Kalkulation,I20,"=IF(AND(x+A20>=MinAlterFlex,A20>=n-MinRLZFlex),1,0)",0
Kalkulation,J20,"=IF(OR(A20>n,I20),0,MIN(150,MAX(50,1%*(VS-F20))))",150
Kalkulation,K20,"=MAX(0,H20-J20)",13786.7755
Kalkulation,L20,"=IFERROR(IF(A20>n,0,IF(A20<t,H20/G20,VS)),0)",19346.4222
Kalkulation,A21,5,5
Kalkulation,B21,"=IF(A21<=n,act_nGrAx(x+$A21,MAX(0,n-$A21),Sex,Tafel,Zins)+Act_Dx(x+n,Sex,Tafel,Zins)/Act_Dx(x+$A21,Sex,Tafel,Zins),0)",0.683417191281626
Kalkulation,C21,"=Act_axn_k(x+$A21,MAX(0,n-$A21),Sex,Tafel,Zins,1)",18.40702902119689
Kalkulation,D21,"=Act_axn_k(x+$A21,MAX(0,t-$A21),Sex,Tafel,Zins,1)",12.749382293026253
Kalkulation,E21,"=B21-P_xt*D21+gamma2*(C21-Act_axn_k(x,n,Sex,Tafel,Zins,1)/Act_axn_k(x,t,Sex,Tafel,Zins,1)*D21)",0.17536945425788478
Kalkulation,F21,=VS*E21,17536.9454
Kalkulation,G21,=B21+gamma3*C21,0.7294347638346182
Kalkulation,H21,"=F21+alpha*t*BJB*Act_axn_k(x+A21,MAX(5-A21,0),Sex,Tafel,Zins,1)/Act_axn_k(x,5,Sex,Tafel,Zins,1)",17536.9454
Kalkulation,I21,"=IF(AND(x+A21>=MinAlterFlex,A21>=n-MinRLZFlex),1,0)",0
Kalkulation,J21,"=IF(OR(A21>n,I21),0,MIN(150,MAX(50,1%*(VS-F21))))",150
Kalkulation,K21,"=MAX(0,H21-J21)",17386.9454
Kalkulation,L21,"=IFERROR(IF(A21>n,0,IF(A21<t,H21/G21,VS)),0)",24041.8284
Kalkulation,A22,6,6
Kalkulation,B22,"=IF(A22<=n,act_nGrAx(x+$A22,MAX(0,n-$A22),Sex,Tafel,Zins)+Act_Dx(x+n,Sex,Tafel,Zins)/Act_Dx(x+$A22,Sex,Tafel,Zins),0)",0.6941228960026647
Kalkulation,C22,"=Act_axn_k(x+$A22,MAX(0,n-$A22),Sex,Tafel,Zins,1)",17.7845687609879
Kalkulation,D22,"=Act_axn_k(x+$A22,MAX(0,t-$A22),Sex,Tafel,Zins,1)",12.00421375956845
Kalkulation,E22,"=B22-P_xt*D22+gamma2*(C22-Act_axn_k(x,n,Sex,Tafel,Zins,1)/Act_axn_k(x,t,Sex,Tafel,Zins,1)*D22)",0.21633596864084273
Kalkulation,F22,=VS*E22,21633.5969
Kalkulation,G22,=B22+gamma3*C22,0.7385843179051345
Kalkulation,H22,"=F22+alpha*t*BJB*Act_axn_k(x+A22,MAX(5-A22,0),Sex,Tafel,Zins,1)/Act_axn_k(x,5,Sex,Tafel,Zins,1)",21633.5969
Kalkulation,I22,"=IF(AND(x+A22>=MinAlterFlex,A22>=n-MinRLZFlex),1,0)",0
Kalkulation,J22,"=IF(OR(A22>n,I22),0,MIN(150,MAX(50,1%*(VS-F22))))",150
Kalkulation,K22,"=MAX(0,H22-J22)",21483.5969
Kalkulation,L22,"=IFERROR(IF(A22>n,0,IF(A22<t,H22/G22,VS)),0)",29290.6258
Kalkulation,A23,7,7
Kalkulation,B23,"=IF(A23<=n,act_nGrAx(x+$A23,MAX(0,n-$A23),Sex,Tafel,Zins)+Act_Dx(x+n,Sex,Tafel,Zins)/Act_Dx(x+$A23,Sex,Tafel,Zins),0)",0.7049357662175477
Kalkulation,C23,"=Act_axn_k(x+$A23,MAX(0,n-$A23),Sex,Tafel,Zins,1)",17.15587759277976
Kalkulation,D23,"=Act_axn_k(x+$A23,MAX(0,t-$A23),Sex,Tafel,Zins,1)",11.247649370815745
Kalkulation,E23,"=B23-P_xt*D23+gamma2*(C23-Act_axn_k(x,n,Sex,Tafel,Zins,1)/Act_axn_k(x,t,Sex,Tafel,Zins,1)*D23)",0.25787653725554543
Kalkulation,F23,=VS*E23,25787.6537
Kalkulation,G23,=B23+gamma3*C23,0.7478254601994971
Kalkulation,H23,"=F23+alpha*t*BJB*Act_axn_k(x+A23,MAX(5-A23,0),Sex,Tafel,Zins,1)/Act_axn_k(x,5,Sex,Tafel,Zins,1)",25787.6537
Kalkulation,I23,"=IF(AND(x+A23>=MinAlterFlex,A23>=n-MinRLZFlex),1,0)",0
Kalkulation,J23,"=IF(OR(A23>n,I23),0,MIN(150,MAX(50,1%*(VS-F23))))",150
Kalkulation,K23,"=MAX(0,H23-J23)",25637.6537
Kalkulation,L23,"=IFERROR(IF(A23>n,0,IF(A23<t,H23/G23,VS)),0)",34483.5193
Kalkulation,A24,8,8
Kalkulation,B24,"=IF(A24<=n,act_nGrAx(x+$A24,MAX(0,n-$A24),Sex,Tafel,Zins)+Act_Dx(x+n,Sex,Tafel,Zins)/Act_Dx(x+$A24,Sex,Tafel,Zins),0)",0.7158562538392343
Kalkulation,C24,"=Act_axn_k(x+$A24,MAX(0,n-$A24),Sex,Tafel,Zins,1)",16.52092924106161
Kalkulation,D24,"=Act_axn_k(x+$A24,MAX(0,t-$A24),Sex,Tafel,Zins,1)",10.479201093855696
Kalkulation,E24,"=B24-P_xt*D24+gamma2*(C24-Act_axn_k(x,n,Sex,Tafel,Zins,1)/Act_axn_k(x,t,Sex,Tafel,Zins,1)*D24)",0.30001190745438006
Kalkulation,F24,=VS*E24,30001.1907
Kalkulation,G24,=B24+gamma3*C24,0.7571585769418884
Kalkulation,H24,"=F24+alpha*t*BJB*Act_axn_k(x+A24,MAX(5-A24,0),Sex,Tafel,Zins,1)/Act_axn_k(x,5,Sex,Tafel,Zins,1)",30001.1907
Kalkulation,I24,"=IF(AND(x+A24>=MinAlterFlex,A24>=n-MinRLZFlex),1,0)",0
Kalkulation,J24,"=IF(OR(A24>n,I24),0,MIN(150,MAX(50,1%*(VS-F24))))",150
Kalkulation,K24,"=MAX(0,H24-J24)",29851.1907
Kalkulation,L24,"=IFERROR(IF(A24>n,0,IF(A24<t,H24/G24,VS)),0)",39623.3915
Kalkulation,A25,9,9
Kalkulation,B25,"=IF(A25<=n,act_nGrAx(x+$A25,MAX(0,n-$A25),Sex,Tafel,Zins)+Act_Dx(x+n,Sex,Tafel,Zins)/Act_Dx(x+$A25,Sex,Tafel,Zins),0)",0.7268793899613282
Kalkulation,C25,"=Act_axn_k(x+$A25,MAX(0,n-$A25),Sex,Tafel,Zins,1)",15.880012612248448
Kalkulation,D25,"=Act_axn_k(x+$A25,MAX(0,t-$A25),Sex,Tafel,Zins,1)",9.69850648672706
Kalkulation,E25,"=B25-P_xt*D25+gamma2*(C25-Act_axn_k(x,n,Sex,Tafel,Zins,1)/Act_axn_k(x,t,Sex,Tafel,Zins,1)*D25)",0.34275256844383917
Kalkulation,F25,=VS*E25,34275.2568
Kalkulation,G25,=B25+gamma3*C25,0.7665794214919492
Kalkulation,H25,"=F25+alpha*t*BJB*Act_axn_k(x+A25,MAX(5-A25,0),Sex,Tafel,Zins,1)/Act_axn_k(x,5,Sex,Tafel,Zins,1)",34275.2568
Kalkulation,I25,"=IF(AND(x+A25>=MinAlterFlex,A25>=n-MinRLZFlex),1,0)",0
Kalkulation,J25,"=IF(OR(A25>n,I25),0,MIN(150,MAX(50,1%*(VS-F25))))",150
Kalkulation,K25,"=MAX(0,H25-J25)",34125.2568
Kalkulation,L25,"=IFERROR(IF(A25>n,0,IF(A25<t,H25/G25,VS)),0)",44711.9449
Kalkulation,A26,10,10
Kalkulation,B26,"=IF(A26<=n,act_nGrAx(x+$A26,MAX(0,n-$A26),Sex,Tafel,Zins)+Act_Dx(x+n,Sex,Tafel,Zins)/Act_Dx(x+$A26,Sex,Tafel,Zins),0)",0.7380031706073322
Kalkulation,C26,"=Act_axn_k(x+$A26,MAX(0,n-$A26),Sex,Tafel,Zins,1)",15.233244223259339
Kalkulation,D26,"=Act_axn_k(x+$A26,MAX(0,t-$A26),Sex,Tafel,Zins,1)",8.904997404427364
Kalkulation,E26,"=B26-P_xt*D26+gamma2*(C26-Act_axn_k(x,n,Sex,Tafel,Zins,1)/Act_axn_k(x,t,Sex,Tafel,Zins,1)*D26)",0.38612032712713734
Kalkulation,F26,=VS*E26,38612.0327
Kalkulation,G26,=B26+gamma3*C26,0.7760862811654806
Kalkulation,H26,"=F26+alpha*t*BJB*Act_axn_k(x+A26,MAX(5-A26,0),Sex,Tafel,Zins,1)/Act_axn_k(x,5,Sex,Tafel,Zins,1)",38612.0327
Kalkulation,I26,"=IF(AND(x+A26>=MinAlterFlex,A26>=n-MinRLZFlex),1,0)",0
Kalkulation,J26,"=IF(OR(A26>n,I26),0,MIN(150,MAX(50,1%*(VS-F26))))",150
Kalkulation,K26,"=MAX(0,H26-J26)",38462.0327
Kalkulation,L26,"=IFERROR(IF(A26>n,0,IF(A26<t,H26/G26,VS)),0)",49752.2423
Kalkulation,A27,11,11
Kalkulation,B27,"=IF(A27<=n,act_nGrAx(x+$A27,MAX(0,n-$A27),Sex,Tafel,Zins)+Act_Dx(x+n,Sex,Tafel,Zins)/Act_Dx(x+$A27,Sex,Tafel,Zins),0)",0.7492252457268609
Kalkulation,C27,"=Act_axn_k(x+$A27,MAX(0,n-$A27),Sex,Tafel,Zins,1)",14.58076071273807
Kalkulation,D27,"=Act_axn_k(x+$A27,MAX(0,t-$A27),Sex,Tafel,Zins,1)",8.098004487298601
Kalkulation,E27,"=B27-P_xt*D27+gamma2*(C27-Act_axn_k(x,n,Sex,Tafel,Zins,1)/Act_axn_k(x,t,Sex,Tafel,Zins,1)*D27)",0.4301408854314264
Kalkulation,F27,=VS*E27,43014.0885
Kalkulation,G27,=B27+gamma3*C27,0.7856771475087061
Kalkulation,H27,"=F27+alpha*t*BJB*Act_axn_k(x+A27,MAX(5-A27,0),Sex,Tafel,Zins,1)/Act_axn_k(x,5,Sex,Tafel,Zins,1)",43014.0885
Kalkulation,I27,"=IF(AND(x+A27>=MinAlterFlex,A27>=n-MinRLZFlex),1,0)",0
Kalkulation,J27,"=IF(OR(A27>n,I27),0,MIN(150,MAX(50,1%*(VS-F27))))",150
Kalkulation,K27,"=MAX(0,H27-J27)",42864.0885
Kalkulation,L27,"=IFERROR(IF(A27>n,0,IF(A27<t,H27/G27,VS)),0)",54747.7914
Kalkulation,A28,12,12
Kalkulation,B28,"=IF(A28<=n,act_nGrAx(x+$A28,MAX(0,n-$A28),Sex,Tafel,Zins)+Act_Dx(x+n,Sex,Tafel,Zins)/Act_Dx(x+$A28,Sex,Tafel,Zins),0)",0.7605443620772302
Kalkulation,C28,"=Act_axn_k(x+$A28,MAX(0,n-$A28),Sex,Tafel,Zins,1)",13.922634947795249
Kalkulation,D28,"=Act_axn_k(x+$A28,MAX(0,t-$A28),Sex,Tafel,Zins,1)",7.276685557222148
Kalkulation,E28,"=B28-P_xt*D28+gamma2*(C28-Act_axn_k(x,n,Sex,Tafel,Zins,1)/Act_axn_k(x,t,Sex,Tafel,Zins,1)*D28)",0.4748481608726271
Kalkulation,F28,=VS*E28,47484.8161
Kalkulation,G28,=B28+gamma3*C28,0.7953509494467184
Kalkulation,H28,"=F28+alpha*t*BJB*Act_axn_k(x+A28,MAX(5-A28,0),Sex,Tafel,Zins,1)/Act_axn_k(x,5,Sex,Tafel,Zins,1)",47484.8161
Kalkulation,I28,"=IF(AND(x+A28>=MinAlterFlex,A28>=n-MinRLZFlex),1,0)",0
Kalkulation,J28,"=IF(OR(A28>n,I28),0,MIN(150,MAX(50,1%*(VS-F28))))",150
Kalkulation,K28,"=MAX(0,H28-J28)",47334.8161
Kalkulation,L28,"=IFERROR(IF(A28>n,0,IF(A28<t,H28/G28,VS)),0)",59702.9728
Kalkulation,A29,13,13
Kalkulation,B29,"=IF(A29<=n,act_nGrAx(x+$A29,MAX(0,n-$A29),Sex,Tafel,Zins)+Act_Dx(x+n,Sex,Tafel,Zins)/Act_Dx(x+$A29,Sex,Tafel,Zins),0)",0.7719607061964255
Kalkulation,C29,"=Act_axn_k(x+$A29,MAX(0,n-$A29),Sex,Tafel,Zins,1)",13.258856082579262
Kalkulation,D29,"=Act_axn_k(x+$A29,MAX(0,t-$A29),Sex,Tafel,Zins,1)",6.439992371138744
Kalkulation,E29,"=B29-P_xt*D29+gamma2*(C29-Act_axn_k(x,n,Sex,Tafel,Zins,1)/Act_axn_k(x,t,Sex,Tafel,Zins,1)*D29)",0.5202859894341998
Kalkulation,F29,=VS*E29,52028.5989
Kalkulation,G29,=B29+gamma3*C29,0.8051078464028737
Kalkulation,H29,"=F29+alpha*t*BJB*Act_axn_k(x+A29,MAX(5-A29,0),Sex,Tafel,Zins,1)/Act_axn_k(x,5,Sex,Tafel,Zins,1)",52028.5989
Kalkulation,I29,"=IF(AND(x+A29>=MinAlterFlex,A29>=n-MinRLZFlex),1,0)",0
Kalkulation,J29,"=IF(OR(A29>n,I29),0,MIN(150,MAX(50,1%*(VS-F29))))",150
Kalkulation,K29,"=MAX(0,H29-J29)",51878.5989
Kalkulation,L29,"=IFERROR(IF(A29>n,0,IF(A29<t,H29/G29,VS)),0)",64623.1423
Kalkulation,A30,14,14
Kalkulation,B30,"=IF(A30<=n,act_nGrAx(x+$A30,MAX(0,n-$A30),Sex,Tafel,Zins)+Act_Dx(x+n,Sex,Tafel,Zins)/Act_Dx(x+$A30,Sex,Tafel,Zins),0)",0.7834747382680015
Kalkulation,C30,"=Act_axn_k(x+$A30,MAX(0,n-$A30),Sex,Tafel,Zins,1)",12.589397360703279
Kalkulation,D30,"=Act_axn_k(x+$A30,MAX(0,t-$A30),Sex,Tafel,Zins,1)",5.58667343332173
Kalkulation,E30,"=B30-P_xt*D30+gamma2*(C30-Act_axn_k(x,n,Sex,Tafel,Zins,1)/Act_axn_k(x,t,Sex,Tafel,Zins,1)*D30)",0.5665069270440265
Kalkulation,F30,=VS*E30,56650.6927
Kalkulation,G30,=B30+gamma3*C30,0.8149482316697597
Kalkulation,H30,"=F30+alpha*t*BJB*Act_axn_k(x+A30,MAX(5-A30,0),Sex,Tafel,Zins,1)/Act_axn_k(x,5,Sex,Tafel,Zins,1)",56650.6927
Kalkulation,I30,"=IF(AND(x+A30>=MinAlterFlex,A30>=n-MinRLZFlex),1,0)",0
Kalkulation,J30,"=IF(OR(A30>n,I30),0,MIN(150,MAX(50,1%*(VS-F30))))",150
Kalkulation,K30,"=MAX(0,H30-J30)",56500.6927
Kalkulation,L30,"=IFERROR(IF(A30>n,0,IF(A30<t,H30/G30,VS)),0)",69514.4679
Kalkulation,A31,15,15
Kalkulation,B31,"=IF(A31<=n,act_nGrAx(x+$A31,MAX(0,n-$A31),Sex,Tafel,Zins)+Act_Dx(x+n,Sex,Tafel,Zins)/Act_Dx(x+$A31,Sex,Tafel,Zins),0)",0.795096555571746
Kalkulation,C31,"=Act_axn_k(x+$A31,MAX(0,n-$A31),Sex,Tafel,Zins,1)",11.913671697471306
Kalkulation,D31,"=Act_axn_k(x+$A31,MAX(0,t-$A31),Sex,Tafel,Zins,1)",4.715009742732018
Kalkulation,E31,"=B31-P_xt*D31+gamma2*(C31-Act_axn_k(x,n,Sex,Tafel,Zins,1)/Act_axn_k(x,t,Sex,Tafel,Zins,1)*D31)",0.613591939553059
Kalkulation,F31,=VS*E31,61359.194
Kalkulation,G31,=B31+gamma3*C31,0.8248807348154242
Kalkulation,H31,"=F31+alpha*t*BJB*Act_axn_k(x+A31,MAX(5-A31,0),Sex,Tafel,Zins,1)/Act_axn_k(x,5,Sex,Tafel,Zins,1)",61359.194
Kalkulation,I31,"=IF(AND(x+A31>=MinAlterFlex,A31>=n-MinRLZFlex),1,0)",0
Kalkulation,J31,"=IF(OR(A31>n,I31),0,MIN(150,MAX(50,1%*(VS-F31))))",150
Kalkulation,K31,"=MAX(0,H31-J31)",61209.194
Kalkulation,L31,"=IFERROR(IF(A31>n,0,IF(A31<t,H31/G31,VS)),0)",74385.534
Kalkulation,A32,16,16
Kalkulation,B32,"=IF(A32<=n,act_nGrAx(x+$A32,MAX(0,n-$A32),Sex,Tafel,Zins)+Act_Dx(x+n,Sex,Tafel,Zins)/Act_Dx(x+$A32,Sex,Tafel,Zins),0)",0.8068404040744293
Kalkulation,C32,"=Act_axn_k(x+$A32,MAX(0,n-$A32),Sex,Tafel,Zins,1)",11.230850791672268
Kalkulation,D32,"=Act_axn_k(x+$A32,MAX(0,t-$A32),Sex,Tafel,Zins,1)",3.8229773871518575
Kalkulation,E32,"=B32-P_xt*D32+gamma2*(C32-Act_axn_k(x,n,Sex,Tafel,Zins,1)/Act_axn_k(x,t,Sex,Tafel,Zins,1)*D32)",0.6616385405994291
Kalkulation,F32,=VS*E32,66163.8541
Kalkulation,G32,=B32+gamma3*C32,0.8349175310536099
Kalkulation,H32,"=F32+alpha*t*BJB*Act_axn_k(x+A32,MAX(5-A32,0),Sex,Tafel,Zins,1)/Act_axn_k(x,5,Sex,Tafel,Zins,1)",66163.8541
Kalkulation,I32,"=IF(AND(x+A32>=MinAlterFlex,A32>=n-MinRLZFlex),1,0)",0
Kalkulation,J32,"=IF(OR(A32>n,I32),0,MIN(150,MAX(50,1%*(VS-F32))))",150
Kalkulation,K32,"=MAX(0,H32-J32)",66013.8541
Kalkulation,L32,"=IFERROR(IF(A32>n,0,IF(A32<t,H32/G32,VS)),0)",79245.9753
Kalkulation,A33,17,17
Kalkulation,B33,"=IF(A33<=n,act_nGrAx(x+$A33,MAX(0,n-$A33),Sex,Tafel,Zins)+Act_Dx(x+n,Sex,Tafel,Zins)/Act_Dx(x+$A33,Sex,Tafel,Zins),0)",0.8187231548769123
Kalkulation,C33,"=Act_axn_k(x+$A33,MAX(0,n-$A33),Sex,Tafel,Zins,1)",10.539953709299303
Kalkulation,D33,"=Act_axn_k(x+$A33,MAX(0,t-$A33),Sex,Tafel,Zins,1)",2.90826751253167
Kalkulation,E33,"=B33-P_xt*D33+gamma2*(C33-Act_axn_k(x,n,Sex,Tafel,Zins,1)/Act_axn_k(x,t,Sex,Tafel,Zins,1)*D33)",0.7107585469918153
Kalkulation,F33,=VS*E33,71075.8547
Kalkulation,G33,=B33+gamma3*C33,0.8450730391501605
Kalkulation,H33,"=F33+alpha*t*BJB*Act_axn_k(x+A33,MAX(5-A33,0),Sex,Tafel,Zins,1)/Act_axn_k(x,5,Sex,Tafel,Zins,1)",71075.8547
Kalkulation,I33,"=IF(AND(x+A33>=MinAlterFlex,A33>=n-MinRLZFlex),1,0)",0
Kalkulation,J33,"=IF(OR(A33>n,I33),0,MIN(150,MAX(50,1%*(VS-F33))))",150
Kalkulation,K33,"=MAX(0,H33-J33)",70925.8547
Kalkulation,L33,"=IFERROR(IF(A33>n,0,IF(A33<t,H33/G33,VS)),0)",84106.1676
Kalkulation,A34,18,18
Kalkulation,B34,"=IF(A34<=n,act_nGrAx(x+$A34,MAX(0,n-$A34),Sex,Tafel,Zins)+Act_Dx(x+n,Sex,Tafel,Zins)/Act_Dx(x+$A34,Sex,Tafel,Zins),0)",0.830762893646463
Kalkulation,C34,"=Act_axn_k(x+$A34,MAX(0,n-$A34),Sex,Tafel,Zins,1)",9.839928897983867
Kalkulation,D34,"=Act_axn_k(x+$A34,MAX(0,t-$A34),Sex,Tafel,Zins,1)",1.9682712530712323
Kalkulation,E34,"=B34-P_xt*D34+gamma2*(C34-Act_axn_k(x,n,Sex,Tafel,Zins,1)/Act_axn_k(x,t,Sex,Tafel,Zins,1)*D34)",0.7610773983748185
Kalkulation,F34,=VS*E34,76107.7398
Kalkulation,G34,=B34+gamma3*C34,0.8553627158914228
Kalkulation,H34,"=F34+alpha*t*BJB*Act_axn_k(x+A34,MAX(5-A34,0),Sex,Tafel,Zins,1)/Act_axn_k(x,5,Sex,Tafel,Zins,1)",76107.7398
Kalkulation,I34,"=IF(AND(x+A34>=MinAlterFlex,A34>=n-MinRLZFlex),1,0)",0
Kalkulation,J34,"=IF(OR(A34>n,I34),0,MIN(150,MAX(50,1%*(VS-F34))))",150
Kalkulation,K34,"=MAX(0,H34-J34)",75957.7398
Kalkulation,L34,"=IFERROR(IF(A34>n,0,IF(A34<t,H34/G34,VS)),0)",88977.1537
Kalkulation,A35,19,19
Kalkulation,B35,"=IF(A35<=n,act_nGrAx(x+$A35,MAX(0,n-$A35),Sex,Tafel,Zins)+Act_Dx(x+n,Sex,Tafel,Zins)/Act_Dx(x+$A35,Sex,Tafel,Zins),0)",0.8429798585135433
Kalkulation,C35,"=Act_axn_k(x+$A35,MAX(0,n-$A35),Sex,Tafel,Zins,1)",9.129599654998112
Kalkulation,D35,"=Act_axn_k(x+$A35,MAX(0,t-$A35),Sex,Tafel,Zins,1)",0.9999999999999972
Kalkulation,E35,"=B35-P_xt*D35+gamma2*(C35-Act_axn_k(x,n,Sex,Tafel,Zins,1)/Act_axn_k(x,t,Sex,Tafel,Zins,1)*D35)",0.8127383480459093
Kalkulation,F35,=VS*E35,81273.8348
Kalkulation,G35,=B35+gamma3*C35,0.8658038576510386
Kalkulation,H35,"=F35+alpha*t*BJB*Act_axn_k(x+A35,MAX(5-A35,0),Sex,Tafel,Zins,1)/Act_axn_k(x,5,Sex,Tafel,Zins,1)",81273.8348
Kalkulation,I35,"=IF(AND(x+A35>=MinAlterFlex,A35>=n-MinRLZFlex),1,0)",0
Kalkulation,J35,"=IF(OR(A35>n,I35),0,MIN(150,MAX(50,1%*(VS-F35))))",150
Kalkulation,K35,"=MAX(0,H35-J35)",81123.8348
Kalkulation,L35,"=IFERROR(IF(A35>n,0,IF(A35<t,H35/G35,VS)),0)",93870.9548
Kalkulation,A36,20,20
Kalkulation,B36,"=IF(A36<=n,act_nGrAx(x+$A36,MAX(0,n-$A36),Sex,Tafel,Zins)+Act_Dx(x+n,Sex,Tafel,Zins)/Act_Dx(x+$A36,Sex,Tafel,Zins),0)",0.8553966621309441
Kalkulation,C36,"=Act_axn_k(x+$A36,MAX(0,n-$A36),Sex,Tafel,Zins,1)",8.407651216100595
Kalkulation,D36,"=Act_axn_k(x+$A36,MAX(0,t-$A36),Sex,Tafel,Zins,1)",0
Kalkulation,E36,"=B36-P_xt*D36+gamma2*(C36-Act_axn_k(x,n,Sex,Tafel,Zins,1)/Act_axn_k(x,t,Sex,Tafel,Zins,1)*D36)",0.8659062261510698
Kalkulation,F36,=VS*E36,86590.6226
Kalkulation,G36,=B36+gamma3*C36,0.8764157901711956
Kalkulation,H36,"=F36+alpha*t*BJB*Act_axn_k(x+A36,MAX(5-A36,0),Sex,Tafel,Zins,1)/Act_axn_k(x,5,Sex,Tafel,Zins,1)",86590.6226
Kalkulation,I36,"=IF(AND(x+A36>=MinAlterFlex,A36>=n-MinRLZFlex),1,0)",0
Kalkulation,J36,"=IF(OR(A36>n,I36),0,MIN(150,MAX(50,1%*(VS-F36))))",134.0938
Kalkulation,K36,"=MAX(0,H36-J36)",86456.5288
Kalkulation,L36,"=IFERROR(IF(A36>n,0,IF(A36<t,H36/G36,VS)),0)",100000
Kalkulation,A37,21,21
Kalkulation,B37,"=IF(A37<=n,act_nGrAx(x+$A37,MAX(0,n-$A37),Sex,Tafel,Zins)+Act_Dx(x+n,Sex,Tafel,Zins)/Act_Dx(x+$A37,Sex,Tafel,Zins),0)",0.8680403142570174
Kalkulation,C37,"=Act_axn_k(x+$A37,MAX(0,n-$A37),Sex,Tafel,Zins,1)",7.672513156770438
Kalkulation,D37,"=Act_axn_k(x+$A37,MAX(0,t-$A37),Sex,Tafel,Zins,1)",0
Kalkulation,E37,"=B37-P_xt*D37+gamma2*(C37-Act_axn_k(x,n,Sex,Tafel,Zins,1)/Act_axn_k(x,t,Sex,Tafel,Zins,1)*D37)",0.8776309557029804
Kalkulation,F37,=VS*E37,87763.0956
Kalkulation,G37,=B37+gamma3*C37,0.8872215971489436
Kalkulation,H37,"=F37+alpha*t*BJB*Act_axn_k(x+A37,MAX(5-A37,0),Sex,Tafel,Zins,1)/Act_axn_k(x,5,Sex,Tafel,Zins,1)",87763.0956
Kalkulation,I37,"=IF(AND(x+A37>=MinAlterFlex,A37>=n-MinRLZFlex),1,0)",0
Kalkulation,J37,"=IF(OR(A37>n,I37),0,MIN(150,MAX(50,1%*(VS-F37))))",122.369
Kalkulation,K37,"=MAX(0,H37-J37)",87640.7265
Kalkulation,L37,"=IFERROR(IF(A37>n,0,IF(A37<t,H37/G37,VS)),0)",100000
Kalkulation,A38,22,22
Kalkulation,B38,"=IF(A38<=n,act_nGrAx(x+$A38,MAX(0,n-$A38),Sex,Tafel,Zins)+Act_Dx(x+n,Sex,Tafel,Zins)/Act_Dx(x+$A38,Sex,Tafel,Zins),0)",0.8809423750317524
Kalkulation,C38,"=Act_axn_k(x+$A38,MAX(0,n-$A38),Sex,Tafel,Zins,1)",6.9223504802966715
Kalkulation,D38,"=Act_axn_k(x+$A38,MAX(0,t-$A38),Sex,Tafel,Zins,1)",0
Kalkulation,E38,"=B38-P_xt*D38+gamma2*(C38-Act_axn_k(x,n,Sex,Tafel,Zins,1)/Act_axn_k(x,t,Sex,Tafel,Zins,1)*D38)",0.8895953131321233
Kalkulation,F38,=VS*E38,88959.5313
Kalkulation,G38,=B38+gamma3*C38,0.8982482512324941
Kalkulation,H38,"=F38+alpha*t*BJB*Act_axn_k(x+A38,MAX(5-A38,0),Sex,Tafel,Zins,1)/Act_axn_k(x,5,Sex,Tafel,Zins,1)",88959.5313
Kalkulation,I38,"=IF(AND(x+A38>=MinAlterFlex,A38>=n-MinRLZFlex),1,0)",0
Kalkulation,J38,"=IF(OR(A38>n,I38),0,MIN(150,MAX(50,1%*(VS-F38))))",110.4047
Kalkulation,K38,"=MAX(0,H38-J38)",88849.1266
Kalkulation,L38,"=IFERROR(IF(A38>n,0,IF(A38<t,H38/G38,VS)),0)",100000
Kalkulation,A39,23,23
Kalkulation,B39,"=IF(A39<=n,act_nGrAx(x+$A39,MAX(0,n-$A39),Sex,Tafel,Zins)+Act_Dx(x+n,Sex,Tafel,Zins)/Act_Dx(x+$A39,Sex,Tafel,Zins),0)",0.894140474375828
Kalkulation,C39,"=Act_axn_k(x+$A39,MAX(0,n-$A39),Sex,Tafel,Zins,1)",6.154975275576831
Kalkulation,D39,"=Act_axn_k(x+$A39,MAX(0,t-$A39),Sex,Tafel,Zins,1)",0
Kalkulation,E39,"=B39-P_xt*D39+gamma2*(C39-Act_axn_k(x,n,Sex,Tafel,Zins,1)/Act_axn_k(x,t,Sex,Tafel,Zins,1)*D39)",0.901834193470299
Kalkulation,F39,=VS*E39,90183.4193
Kalkulation,G39,=B39+gamma3*C39,0.9095279125647701
Kalkulation,H39,"=F39+alpha*t*BJB*Act_axn_k(x+A39,MAX(5-A39,0),Sex,Tafel,Zins,1)/Act_axn_k(x,5,Sex,Tafel,Zins,1)",90183.4193
Kalkulation,I39,"=IF(AND(x+A39>=MinAlterFlex,A39>=n-MinRLZFlex),1,0)",0
Kalkulation,J39,"=IF(OR(A39>n,I39),0,MIN(150,MAX(50,1%*(VS-F39))))",98.1658
Kalkulation,K39,"=MAX(0,H39-J39)",90085.2535
Kalkulation,L39,"=IFERROR(IF(A39>n,0,IF(A39<t,H39/G39,VS)),0)",100000
Kalkulation,A40,24,24
Kalkulation,B40,"=IF(A40<=n,act_nGrAx(x+$A40,MAX(0,n-$A40),Sex,Tafel,Zins)+Act_Dx(x+n,Sex,Tafel,Zins)/Act_Dx(x+$A40,Sex,Tafel,Zins),0)",0.9076799898864822
Kalkulation,C40,"=Act_axn_k(x+$A40,MAX(0,n-$A40),Sex,Tafel,Zins,1)",5.367749159457335
Kalkulation,D40,"=Act_axn_k(x+$A40,MAX(0,t-$A40),Sex,Tafel,Zins,1)",0
Kalkulation,E40,"=B40-P_xt*D40+gamma2*(C40-Act_axn_k(x,n,Sex,Tafel,Zins,1)/Act_axn_k(x,t,Sex,Tafel,Zins,1)*D40)",0.9143896763358039
Kalkulation,F40,=VS*E40,91438.9676
Kalkulation,G40,=B40+gamma3*C40,0.9210993627851256
Kalkulation,H40,"=F40+alpha*t*BJB*Act_axn_k(x+A40,MAX(5-A40,0),Sex,Tafel,Zins,1)/Act_axn_k(x,5,Sex,Tafel,Zins,1)",91438.9676
Kalkulation,I40,"=IF(AND(x+A40>=MinAlterFlex,A40>=n-MinRLZFlex),1,0)",0
Kalkulation,J40,"=IF(OR(A40>n,I40),0,MIN(150,MAX(50,1%*(VS-F40))))",85.6103
Kalkulation,K40,"=MAX(0,H40-J40)",91353.3573
Kalkulation,L40,"=IFERROR(IF(A40>n,0,IF(A40<t,H40/G40,VS)),0)",100000
Kalkulation,A41,25,25
Kalkulation,B41,"=IF(A41<=n,act_nGrAx(x+$A41,MAX(0,n-$A41),Sex,Tafel,Zins)+Act_Dx(x+n,Sex,Tafel,Zins)/Act_Dx(x+$A41,Sex,Tafel,Zins),0)",0.9216159182042138
Kalkulation,C41,"=Act_axn_k(x+$A41,MAX(0,n-$A41),Sex,Tafel,Zins,1)",4.557474470126218
Kalkulation,D41,"=Act_axn_k(x+$A41,MAX(0,t-$A41),Sex,Tafel,Zins,1)",0
Kalkulation,E41,"=B41-P_xt*D41+gamma2*(C41-Act_axn_k(x,n,Sex,Tafel,Zins,1)/Act_axn_k(x,t,Sex,Tafel,Zins,1)*D41)",0.9273127612918716
Kalkulation,F41,=VS*E41,92731.2761
Kalkulation,G41,=B41+gamma3*C41,0.9330096043795294
Kalkulation,H41,"=F41+alpha*t*BJB*Act_axn_k(x+A41,MAX(5-A41,0),Sex,Tafel,Zins,1)/Act_axn_k(x,5,Sex,Tafel,Zins,1)",92731.2761
Kalkulation,I41,"=IF(AND(x+A41>=MinAlterFlex,A41>=n-MinRLZFlex),1,0)",1
Kalkulation,J41,"=IF(OR(A41>n,I41),0,MIN(150,MAX(50,1%*(VS-F41))))",0
Kalkulation,K41,"=MAX(0,H41-J41)",92731.2761
Kalkulation,L41,"=IFERROR(IF(A41>n,0,IF(A41<t,H41/G41,VS)),0)",100000
Kalkulation,A42,26,26
Kalkulation,B42,"=IF(A42<=n,act_nGrAx(x+$A42,MAX(0,n-$A42),Sex,Tafel,Zins)+Act_Dx(x+n,Sex,Tafel,Zins)/Act_Dx(x+$A42,Sex,Tafel,Zins),0)",0.936011845465061
Kalkulation,C42,"=Act_axn_k(x+$A42,MAX(0,n-$A42),Sex,Tafel,Zins,1)",3.7204541279596572
Kalkulation,D42,"=Act_axn_k(x+$A42,MAX(0,t-$A42),Sex,Tafel,Zins,1)",0
Kalkulation,E42,"=B42-P_xt*D42+gamma2*(C42-Act_axn_k(x,n,Sex,Tafel,Zins,1)/Act_axn_k(x,t,Sex,Tafel,Zins,1)*D42)",0.9406624131250105
Kalkulation,F42,=VS*E42,94066.2413
Kalkulation,G42,=B42+gamma3*C42,0.9453129807849602
Kalkulation,H42,"=F42+alpha*t*BJB*Act_axn_k(x+A42,MAX(5-A42,0),Sex,Tafel,Zins,1)/Act_axn_k(x,5,Sex,Tafel,Zins,1)",94066.2413
Kalkulation,I42,"=IF(AND(x+A42>=MinAlterFlex,A42>=n-MinRLZFlex),1,0)",1
Kalkulation,J42,"=IF(OR(A42>n,I42),0,MIN(150,MAX(50,1%*(VS-F42))))",0
Kalkulation,K42,"=MAX(0,H42-J42)",94066.2413
Kalkulation,L42,"=IFERROR(IF(A42>n,0,IF(A42<t,H42/G42,VS)),0)",100000
Kalkulation,A43,27,27
Kalkulation,B43,"=IF(A43<=n,act_nGrAx(x+$A43,MAX(0,n-$A43),Sex,Tafel,Zins)+Act_Dx(x+n,Sex,Tafel,Zins)/Act_Dx(x+$A43,Sex,Tafel,Zins),0)",0.9509422995984339
Kalkulation,C43,"=Act_axn_k(x+$A43,MAX(0,n-$A43),Sex,Tafel,Zins,1)",2.8523548662050255
Kalkulation,D43,"=Act_axn_k(x+$A43,MAX(0,t-$A43),Sex,Tafel,Zins,1)",0
Kalkulation,E43,"=B43-P_xt*D43+gamma2*(C43-Act_axn_k(x,n,Sex,Tafel,Zins,1)/Act_axn_k(x,t,Sex,Tafel,Zins,1)*D43)",0.9545077431811901
Kalkulation,F43,=VS*E43,95450.7743
Kalkulation,G43,=B43+gamma3*C43,0.9580731867639465
Kalkulation,H43,"=F43+alpha*t*BJB*Act_axn_k(x+A43,MAX(5-A43,0),Sex,Tafel,Zins,1)/Act_axn_k(x,5,Sex,Tafel,Zins,1)",95450.7743
Kalkulation,I43,"=IF(AND(x+A43>=MinAlterFlex,A43>=n-MinRLZFlex),1,0)",1
Kalkulation,J43,"=IF(OR(A43>n,I43),0,MIN(150,MAX(50,1%*(VS-F43))))",0
Kalkulation,K43,"=MAX(0,H43-J43)",95450.7743
Kalkulation,L43,"=IFERROR(IF(A43>n,0,IF(A43<t,H43/G43,VS)),0)",100000
Kalkulation,A44,28,28
Kalkulation,B44,"=IF(A44<=n,act_nGrAx(x+$A44,MAX(0,n-$A44),Sex,Tafel,Zins)+Act_Dx(x+n,Sex,Tafel,Zins)/Act_Dx(x+$A44,Sex,Tafel,Zins),0)",0.9665000670091556
Kalkulation,C44,"=Act_axn_k(x+$A44,MAX(0,n-$A44),Sex,Tafel,Zins,1)",1.9477818181817932
Kalkulation,D44,"=Act_axn_k(x+$A44,MAX(0,t-$A44),Sex,Tafel,Zins,1)",0
Kalkulation,E44,"=B44-P_xt*D44+gamma2*(C44-Act_axn_k(x,n,Sex,Tafel,Zins,1)/Act_axn_k(x,t,Sex,Tafel,Zins,1)*D44)",0.9689347942818828
Kalkulation,F44,=VS*E44,96893.4794
Kalkulation,G44,=B44+gamma3*C44,0.9713695215546101
Kalkulation,H44,"=F44+alpha*t*BJB*Act_axn_k(x+A44,MAX(5-A44,0),Sex,Tafel,Zins,1)/Act_axn_k(x,5,Sex,Tafel,Zins,1)",96893.4794
Kalkulation,I44,"=IF(AND(x+A44>=MinAlterFlex,A44>=n-MinRLZFlex),1,0)",1
Kalkulation,J44,"=IF(OR(A44>n,I44),0,MIN(150,MAX(50,1%*(VS-F44))))",0
Kalkulation,K44,"=MAX(0,H44-J44)",96893.4794
Kalkulation,L44,"=IFERROR(IF(A44>n,0,IF(A44<t,H44/G44,VS)),0)",100000
Kalkulation,A45,29,29
Kalkulation,B45,"=IF(A45<=n,act_nGrAx(x+$A45,MAX(0,n-$A45),Sex,Tafel,Zins)+Act_Dx(x+n,Sex,Tafel,Zins)/Act_Dx(x+$A45,Sex,Tafel,Zins),0)",0.9828009828009829
Kalkulation,C45,"=Act_axn_k(x+$A45,MAX(0,n-$A45),Sex,Tafel,Zins,1)",0.9999999999999992
Kalkulation,D45,"=Act_axn_k(x+$A45,MAX(0,t-$A45),Sex,Tafel,Zins,1)",0
Kalkulation,E45,"=B45-P_xt*D45+gamma2*(C45-Act_axn_k(x,n,Sex,Tafel,Zins,1)/Act_axn_k(x,t,Sex,Tafel,Zins,1)*D45)",0.9840509828009829
Kalkulation,F45,=VS*E45,98405.0983
Kalkulation,G45,=B45+gamma3*C45,0.9853009828009829
Kalkulation,H45,"=F45+alpha*t*BJB*Act_axn_k(x+A45,MAX(5-A45,0),Sex,Tafel,Zins,1)/Act_axn_k(x,5,Sex,Tafel,Zins,1)",98405.0983
Kalkulation,I45,"=IF(AND(x+A45>=MinAlterFlex,A45>=n-MinRLZFlex),1,0)",1
Kalkulation,J45,"=IF(OR(A45>n,I45),0,MIN(150,MAX(50,1%*(VS-F45))))",0
Kalkulation,K45,"=MAX(0,H45-J45)",98405.0983
Kalkulation,L45,"=IFERROR(IF(A45>n,0,IF(A45<t,H45/G45,VS)),0)",100000
Kalkulation,A46,30,30
Kalkulation,B46,"=IF(A46<=n,act_nGrAx(x+$A46,MAX(0,n-$A46),Sex,Tafel,Zins)+Act_Dx(x+n,Sex,Tafel,Zins)/Act_Dx(x+$A46,Sex,Tafel,Zins),0)",1
Kalkulation,C46,"=Act_axn_k(x+$A46,MAX(0,n-$A46),Sex,Tafel,Zins,1)",0
Kalkulation,D46,"=Act_axn_k(x+$A46,MAX(0,t-$A46),Sex,Tafel,Zins,1)",0
Kalkulation,E46,"=B46-P_xt*D46+gamma2*(C46-Act_axn_k(x,n,Sex,Tafel,Zins,1)/Act_axn_k(x,t,Sex,Tafel,Zins,1)*D46)",1
Kalkulation,F46,=VS*E46,100000
Kalkulation,G46,=B46+gamma3*C46,1
Kalkulation,H46,"=F46+alpha*t*BJB*Act_axn_k(x+A46,MAX(5-A46,0),Sex,Tafel,Zins,1)/Act_axn_k(x,5,Sex,Tafel,Zins,1)",100000
Kalkulation,I46,"=IF(AND(x+A46>=MinAlterFlex,A46>=n-MinRLZFlex),1,0)",1
Kalkulation,J46,"=IF(OR(A46>n,I46),0,MIN(150,MAX(50,1%*(VS-F46))))",0
Kalkulation,K46,"=MAX(0,H46-J46)",100000
Kalkulation,L46,"=IFERROR(IF(A46>n,0,IF(A46<t,H46/G46,VS)),0)",100000
Kalkulation,A47,31,31
Kalkulation,B47,"=IF(A47<=n,act_nGrAx(x+$A47,MAX(0,n-$A47),Sex,Tafel,Zins)+Act_Dx(x+n,Sex,Tafel,Zins)/Act_Dx(x+$A47,Sex,Tafel,Zins),0)",0
Kalkulation,C47,"=Act_axn_k(x+$A47,MAX(0,n-$A47),Sex,Tafel,Zins,1)",0
Kalkulation,D47,"=Act_axn_k(x+$A47,MAX(0,t-$A47),Sex,Tafel,Zins,1)",0
Kalkulation,E47,"=B47-P_xt*D47+gamma2*(C47-Act_axn_k(x,n,Sex,Tafel,Zins,1)/Act_axn_k(x,t,Sex,Tafel,Zins,1)*D47)",0
Kalkulation,F47,=VS*E47,0
Kalkulation,G47,=B47+gamma3*C47,0
Kalkulation,H47,"=F47+alpha*t*BJB*Act_axn_k(x+A47,MAX(5-A47,0),Sex,Tafel,Zins,1)/Act_axn_k(x,5,Sex,Tafel,Zins,1)",0
Kalkulation,I47,"=IF(AND(x+A47>=MinAlterFlex,A47>=n-MinRLZFlex),1,0)",1
Kalkulation,J47,"=IF(OR(A47>n,I47),0,MIN(150,MAX(50,1%*(VS-F47))))",0
Kalkulation,K47,"=MAX(0,H47-J47)",0
Kalkulation,L47,"=IFERROR(IF(A47>n,0,IF(A47<t,H47/G47,VS)),0)",0
Kalkulation,A48,32,32
Kalkulation,B48,"=IF(A48<=n,act_nGrAx(x+$A48,MAX(0,n-$A48),Sex,Tafel,Zins)+Act_Dx(x+n,Sex,Tafel,Zins)/Act_Dx(x+$A48,Sex,Tafel,Zins),0)",0
Kalkulation,C48,"=Act_axn_k(x+$A48,MAX(0,n-$A48),Sex,Tafel,Zins,1)",0
Kalkulation,D48,"=Act_axn_k(x+$A48,MAX(0,t-$A48),Sex,Tafel,Zins,1)",0
Kalkulation,E48,"=B48-P_xt*D48+gamma2*(C48-Act_axn_k(x,n,Sex,Tafel,Zins,1)/Act_axn_k(x,t,Sex,Tafel,Zins,1)*D48)",0
Kalkulation,F48,=VS*E48,0
Kalkulation,G48,=B48+gamma3*C48,0
Kalkulation,H48,"=F48+alpha*t*BJB*Act_axn_k(x+A48,MAX(5-A48,0),Sex,Tafel,Zins,1)/Act_axn_k(x,5,Sex,Tafel,Zins,1)",0
Kalkulation,I48,"=IF(AND(x+A48>=MinAlterFlex,A48>=n-MinRLZFlex),1,0)",1
Kalkulation,J48,"=IF(OR(A48>n,I48),0,MIN(150,MAX(50,1%*(VS-F48))))",0
Kalkulation,K48,"=MAX(0,H48-J48)",0
Kalkulation,L48,"=IFERROR(IF(A48>n,0,IF(A48<t,H48/G48,VS)),0)",0
Kalkulation,A49,33,33
Kalkulation,B49,"=IF(A49<=n,act_nGrAx(x+$A49,MAX(0,n-$A49),Sex,Tafel,Zins)+Act_Dx(x+n,Sex,Tafel,Zins)/Act_Dx(x+$A49,Sex,Tafel,Zins),0)",0
Kalkulation,C49,"=Act_axn_k(x+$A49,MAX(0,n-$A49),Sex,Tafel,Zins,1)",0
Kalkulation,D49,"=Act_axn_k(x+$A49,MAX(0,t-$A49),Sex,Tafel,Zins,1)",0
Kalkulation,E49,"=B49-P_xt*D49+gamma2*(C49-Act_axn_k(x,n,Sex,Tafel,Zins,1)/Act_axn_k(x,t,Sex,Tafel,Zins,1)*D49)",0
Kalkulation,F49,=VS*E49,0
Kalkulation,G49,=B49+gamma3*C49,0
Kalkulation,H49,"=F49+alpha*t*BJB*Act_axn_k(x+A49,MAX(5-A49,0),Sex,Tafel,Zins,1)/Act_axn_k(x,5,Sex,Tafel,Zins,1)",0
Kalkulation,I49,"=IF(AND(x+A49>=MinAlterFlex,A49>=n-MinRLZFlex),1,0)",1
Kalkulation,J49,"=IF(OR(A49>n,I49),0,MIN(150,MAX(50,1%*(VS-F49))))",0
Kalkulation,K49,"=MAX(0,H49-J49)",0
Kalkulation,L49,"=IFERROR(IF(A49>n,0,IF(A49<t,H49/G49,VS)),0)",0
Kalkulation,A50,34,34
Kalkulation,B50,"=IF(A50<=n,act_nGrAx(x+$A50,MAX(0,n-$A50),Sex,Tafel,Zins)+Act_Dx(x+n,Sex,Tafel,Zins)/Act_Dx(x+$A50,Sex,Tafel,Zins),0)",0
Kalkulation,C50,"=Act_axn_k(x+$A50,MAX(0,n-$A50),Sex,Tafel,Zins,1)",0
Kalkulation,D50,"=Act_axn_k(x+$A50,MAX(0,t-$A50),Sex,Tafel,Zins,1)",0
Kalkulation,E50,"=B50-P_xt*D50+gamma2*(C50-Act_axn_k(x,n,Sex,Tafel,Zins,1)/Act_axn_k(x,t,Sex,Tafel,Zins,1)*D50)",0
Kalkulation,F50,=VS*E50,0
Kalkulation,G50,=B50+gamma3*C50,0
Kalkulation,H50,"=F50+alpha*t*BJB*Act_axn_k(x+A50,MAX(5-A50,0),Sex,Tafel,Zins,1)/Act_axn_k(x,5,Sex,Tafel,Zins,1)",0
Kalkulation,I50,"=IF(AND(x+A50>=MinAlterFlex,A50>=n-MinRLZFlex),1,0)",1
Kalkulation,J50,"=IF(OR(A50>n,I50),0,MIN(150,MAX(50,1%*(VS-F50))))",0
Kalkulation,K50,"=MAX(0,H50-J50)",0
Kalkulation,L50,"=IFERROR(IF(A50>n,0,IF(A50<t,H50/G50,VS)),0)",0
Kalkulation,A51,35,35
Kalkulation,B51,"=IF(A51<=n,act_nGrAx(x+$A51,MAX(0,n-$A51),Sex,Tafel,Zins)+Act_Dx(x+n,Sex,Tafel,Zins)/Act_Dx(x+$A51,Sex,Tafel,Zins),0)",0
Kalkulation,C51,"=Act_axn_k(x+$A51,MAX(0,n-$A51),Sex,Tafel,Zins,1)",0
Kalkulation,D51,"=Act_axn_k(x+$A51,MAX(0,t-$A51),Sex,Tafel,Zins,1)",0
Kalkulation,E51,"=B51-P_xt*D51+gamma2*(C51-Act_axn_k(x,n,Sex,Tafel,Zins,1)/Act_axn_k(x,t,Sex,Tafel,Zins,1)*D51)",0
Kalkulation,F51,=VS*E51,0
Kalkulation,G51,=B51+gamma3*C51,0
Kalkulation,H51,"=F51+alpha*t*BJB*Act_axn_k(x+A51,MAX(5-A51,0),Sex,Tafel,Zins,1)/Act_axn_k(x,5,Sex,Tafel,Zins,1)",0
Kalkulation,I51,"=IF(AND(x+A51>=MinAlterFlex,A51>=n-MinRLZFlex),1,0)",1
Kalkulation,J51,"=IF(OR(A51>n,I51),0,MIN(150,MAX(50,1%*(VS-F51))))",0
Kalkulation,K51,"=MAX(0,H51-J51)",0
Kalkulation,L51,"=IFERROR(IF(A51>n,0,IF(A51<t,H51/G51,VS)),0)",0
Kalkulation,A52,36,36
Kalkulation,B52,"=IF(A52<=n,act_nGrAx(x+$A52,MAX(0,n-$A52),Sex,Tafel,Zins)+Act_Dx(x+n,Sex,Tafel,Zins)/Act_Dx(x+$A52,Sex,Tafel,Zins),0)",0
Kalkulation,C52,"=Act_axn_k(x+$A52,MAX(0,n-$A52),Sex,Tafel,Zins,1)",0
Kalkulation,D52,"=Act_axn_k(x+$A52,MAX(0,t-$A52),Sex,Tafel,Zins,1)",0
Kalkulation,E52,"=B52-P_xt*D52+gamma2*(C52-Act_axn_k(x,n,Sex,Tafel,Zins,1)/Act_axn_k(x,t,Sex,Tafel,Zins,1)*D52)",0
Kalkulation,F52,=VS*E52,0
Kalkulation,G52,=B52+gamma3*C52,0
Kalkulation,H52,"=F52+alpha*t*BJB*Act_axn_k(x+A52,MAX(5-A52,0),Sex,Tafel,Zins,1)/Act_axn_k(x,5,Sex,Tafel,Zins,1)",0
Kalkulation,I52,"=IF(AND(x+A52>=MinAlterFlex,A52>=n-MinRLZFlex),1,0)",1
Kalkulation,J52,"=IF(OR(A52>n,I52),0,MIN(150,MAX(50,1%*(VS-F52))))",0
Kalkulation,K52,"=MAX(0,H52-J52)",0
Kalkulation,L52,"=IFERROR(IF(A52>n,0,IF(A52<t,H52/G52,VS)),0)",0
Kalkulation,A53,37,37
Kalkulation,B53,"=IF(A53<=n,act_nGrAx(x+$A53,MAX(0,n-$A53),Sex,Tafel,Zins)+Act_Dx(x+n,Sex,Tafel,Zins)/Act_Dx(x+$A53,Sex,Tafel,Zins),0)",0
Kalkulation,C53,"=Act_axn_k(x+$A53,MAX(0,n-$A53),Sex,Tafel,Zins,1)",0
Kalkulation,D53,"=Act_axn_k(x+$A53,MAX(0,t-$A53),Sex,Tafel,Zins,1)",0
Kalkulation,E53,"=B53-P_xt*D53+gamma2*(C53-Act_axn_k(x,n,Sex,Tafel,Zins,1)/Act_axn_k(x,t,Sex,Tafel,Zins,1)*D53)",0
Kalkulation,F53,=VS*E53,0
Kalkulation,G53,=B53+gamma3*C53,0
Kalkulation,H53,"=F53+alpha*t*BJB*Act_axn_k(x+A53,MAX(5-A53,0),Sex,Tafel,Zins,1)/Act_axn_k(x,5,Sex,Tafel,Zins,1)",0
Kalkulation,I53,"=IF(AND(x+A53>=MinAlterFlex,A53>=n-MinRLZFlex),1,0)",1
Kalkulation,J53,"=IF(OR(A53>n,I53),0,MIN(150,MAX(50,1%*(VS-F53))))",0
Kalkulation,K53,"=MAX(0,H53-J53)",0
Kalkulation,L53,"=IFERROR(IF(A53>n,0,IF(A53<t,H53/G53,VS)),0)",0
Kalkulation,A54,38,38
Kalkulation,B54,"=IF(A54<=n,act_nGrAx(x+$A54,MAX(0,n-$A54),Sex,Tafel,Zins)+Act_Dx(x+n,Sex,Tafel,Zins)/Act_Dx(x+$A54,Sex,Tafel,Zins),0)",0
Kalkulation,C54,"=Act_axn_k(x+$A54,MAX(0,n-$A54),Sex,Tafel,Zins,1)",0
Kalkulation,D54,"=Act_axn_k(x+$A54,MAX(0,t-$A54),Sex,Tafel,Zins,1)",0
Kalkulation,E54,"=B54-P_xt*D54+gamma2*(C54-Act_axn_k(x,n,Sex,Tafel,Zins,1)/Act_axn_k(x,t,Sex,Tafel,Zins,1)*D54)",0
Kalkulation,F54,=VS*E54,0
Kalkulation,G54,=B54+gamma3*C54,0
Kalkulation,H54,"=F54+alpha*t*BJB*Act_axn_k(x+A54,MAX(5-A54,0),Sex,Tafel,Zins,1)/Act_axn_k(x,5,Sex,Tafel,Zins,1)",0
Kalkulation,I54,"=IF(AND(x+A54>=MinAlterFlex,A54>=n-MinRLZFlex),1,0)",1
Kalkulation,J54,"=IF(OR(A54>n,I54),0,MIN(150,MAX(50,1%*(VS-F54))))",0
Kalkulation,K54,"=MAX(0,H54-J54)",0
Kalkulation,L54,"=IFERROR(IF(A54>n,0,IF(A54<t,H54/G54,VS)),0)",0
Kalkulation,A55,39,39
Kalkulation,B55,"=IF(A55<=n,act_nGrAx(x+$A55,MAX(0,n-$A55),Sex,Tafel,Zins)+Act_Dx(x+n,Sex,Tafel,Zins)/Act_Dx(x+$A55,Sex,Tafel,Zins),0)",0
Kalkulation,C55,"=Act_axn_k(x+$A55,MAX(0,n-$A55),Sex,Tafel,Zins,1)",0
Kalkulation,D55,"=Act_axn_k(x+$A55,MAX(0,t-$A55),Sex,Tafel,Zins,1)",0
Kalkulation,E55,"=B55-P_xt*D55+gamma2*(C55-Act_axn_k(x,n,Sex,Tafel,Zins,1)/Act_axn_k(x,t,Sex,Tafel,Zins,1)*D55)",0
Kalkulation,F55,=VS*E55,0
Kalkulation,G55,=B55+gamma3*C55,0
Kalkulation,H55,"=F55+alpha*t*BJB*Act_axn_k(x+A55,MAX(5-A55,0),Sex,Tafel,Zins,1)/Act_axn_k(x,5,Sex,Tafel,Zins,1)",0
Kalkulation,I55,"=IF(AND(x+A55>=MinAlterFlex,A55>=n-MinRLZFlex),1,0)",1
Kalkulation,J55,"=IF(OR(A55>n,I55),0,MIN(150,MAX(50,1%*(VS-F55))))",0
Kalkulation,K55,"=MAX(0,H55-J55)",0
Kalkulation,L55,"=IFERROR(IF(A55>n,0,IF(A55<t,H55/G55,VS)),0)",0
Kalkulation,A56,40,40
Kalkulation,B56,"=IF(A56<=n,act_nGrAx(x+$A56,MAX(0,n-$A56),Sex,Tafel,Zins)+Act_Dx(x+n,Sex,Tafel,Zins)/Act_Dx(x+$A56,Sex,Tafel,Zins),0)",0
Kalkulation,C56,"=Act_axn_k(x+$A56,MAX(0,n-$A56),Sex,Tafel,Zins,1)",0
Kalkulation,D56,"=Act_axn_k(x+$A56,MAX(0,t-$A56),Sex,Tafel,Zins,1)",0
Kalkulation,E56,"=B56-P_xt*D56+gamma2*(C56-Act_axn_k(x,n,Sex,Tafel,Zins,1)/Act_axn_k(x,t,Sex,Tafel,Zins,1)*D56)",0
Kalkulation,F56,=VS*E56,0
Kalkulation,G56,=B56+gamma3*C56,0
Kalkulation,H56,"=F56+alpha*t*BJB*Act_axn_k(x+A56,MAX(5-A56,0),Sex,Tafel,Zins,1)/Act_axn_k(x,5,Sex,Tafel,Zins,1)",0
Kalkulation,I56,"=IF(AND(x+A56>=MinAlterFlex,A56>=n-MinRLZFlex),1,0)",1
Kalkulation,J56,"=IF(OR(A56>n,I56),0,MIN(150,MAX(50,1%*(VS-F56))))",0
Kalkulation,K56,"=MAX(0,H56-J56)",0
Kalkulation,L56,"=IFERROR(IF(A56>n,0,IF(A56<t,H56/G56,VS)),0)",0
Kalkulation,A57,41,41
Kalkulation,B57,"=IF(A57<=n,act_nGrAx(x+$A57,MAX(0,n-$A57),Sex,Tafel,Zins)+Act_Dx(x+n,Sex,Tafel,Zins)/Act_Dx(x+$A57,Sex,Tafel,Zins),0)",0
Kalkulation,C57,"=Act_axn_k(x+$A57,MAX(0,n-$A57),Sex,Tafel,Zins,1)",0
Kalkulation,D57,"=Act_axn_k(x+$A57,MAX(0,t-$A57),Sex,Tafel,Zins,1)",0
Kalkulation,E57,"=B57-P_xt*D57+gamma2*(C57-Act_axn_k(x,n,Sex,Tafel,Zins,1)/Act_axn_k(x,t,Sex,Tafel,Zins,1)*D57)",0
Kalkulation,F57,=VS*E57,0
Kalkulation,G57,=B57+gamma3*C57,0
Kalkulation,H57,"=F57+alpha*t*BJB*Act_axn_k(x+A57,MAX(5-A57,0),Sex,Tafel,Zins,1)/Act_axn_k(x,5,Sex,Tafel,Zins,1)",0
Kalkulation,I57,"=IF(AND(x+A57>=MinAlterFlex,A57>=n-MinRLZFlex),1,0)",1
Kalkulation,J57,"=IF(OR(A57>n,I57),0,MIN(150,MAX(50,1%*(VS-F57))))",0
Kalkulation,K57,"=MAX(0,H57-J57)",0
Kalkulation,L57,"=IFERROR(IF(A57>n,0,IF(A57<t,H57/G57,VS)),0)",0
Kalkulation,A58,42,42
Kalkulation,B58,"=IF(A58<=n,act_nGrAx(x+$A58,MAX(0,n-$A58),Sex,Tafel,Zins)+Act_Dx(x+n,Sex,Tafel,Zins)/Act_Dx(x+$A58,Sex,Tafel,Zins),0)",0
Kalkulation,C58,"=Act_axn_k(x+$A58,MAX(0,n-$A58),Sex,Tafel,Zins,1)",0
Kalkulation,D58,"=Act_axn_k(x+$A58,MAX(0,t-$A58),Sex,Tafel,Zins,1)",0
Kalkulation,E58,"=B58-P_xt*D58+gamma2*(C58-Act_axn_k(x,n,Sex,Tafel,Zins,1)/Act_axn_k(x,t,Sex,Tafel,Zins,1)*D58)",0
Kalkulation,F58,=VS*E58,0
Kalkulation,G58,=B58+gamma3*C58,0
Kalkulation,H58,"=F58+alpha*t*BJB*Act_axn_k(x+A58,MAX(5-A58,0),Sex,Tafel,Zins,1)/Act_axn_k(x,5,Sex,Tafel,Zins,1)",0
Kalkulation,I58,"=IF(AND(x+A58>=MinAlterFlex,A58>=n-MinRLZFlex),1,0)",1
Kalkulation,J58,"=IF(OR(A58>n,I58),0,MIN(150,MAX(50,1%*(VS-F58))))",0
Kalkulation,K58,"=MAX(0,H58-J58)",0
Kalkulation,L58,"=IFERROR(IF(A58>n,0,IF(A58<t,H58/G58,VS)),0)",0
Kalkulation,A59,43,43
Kalkulation,B59,"=IF(A59<=n,act_nGrAx(x+$A59,MAX(0,n-$A59),Sex,Tafel,Zins)+Act_Dx(x+n,Sex,Tafel,Zins)/Act_Dx(x+$A59,Sex,Tafel,Zins),0)",0
Kalkulation,C59,"=Act_axn_k(x+$A59,MAX(0,n-$A59),Sex,Tafel,Zins,1)",0
Kalkulation,D59,"=Act_axn_k(x+$A59,MAX(0,t-$A59),Sex,Tafel,Zins,1)",0
Kalkulation,E59,"=B59-P_xt*D59+gamma2*(C59-Act_axn_k(x,n,Sex,Tafel,Zins,1)/Act_axn_k(x,t,Sex,Tafel,Zins,1)*D59)",0
Kalkulation,F59,=VS*E59,0
Kalkulation,G59,=B59+gamma3*C59,0
Kalkulation,H59,"=F59+alpha*t*BJB*Act_axn_k(x+A59,MAX(5-A59,0),Sex,Tafel,Zins,1)/Act_axn_k(x,5,Sex,Tafel,Zins,1)",0
Kalkulation,I59,"=IF(AND(x+A59>=MinAlterFlex,A59>=n-MinRLZFlex),1,0)",1
Kalkulation,J59,"=IF(OR(A59>n,I59),0,MIN(150,MAX(50,1%*(VS-F59))))",0
Kalkulation,K59,"=MAX(0,H59-J59)",0
Kalkulation,L59,"=IFERROR(IF(A59>n,0,IF(A59<t,H59/G59,VS)),0)",0
Kalkulation,A60,44,44
Kalkulation,B60,"=IF(A60<=n,act_nGrAx(x+$A60,MAX(0,n-$A60),Sex,Tafel,Zins)+Act_Dx(x+n,Sex,Tafel,Zins)/Act_Dx(x+$A60,Sex,Tafel,Zins),0)",0
Kalkulation,C60,"=Act_axn_k(x+$A60,MAX(0,n-$A60),Sex,Tafel,Zins,1)",0
Kalkulation,D60,"=Act_axn_k(x+$A60,MAX(0,t-$A60),Sex,Tafel,Zins,1)",0
Kalkulation,E60,"=B60-P_xt*D60+gamma2*(C60-Act_axn_k(x,n,Sex,Tafel,Zins,1)/Act_axn_k(x,t,Sex,Tafel,Zins,1)*D60)",0
Kalkulation,F60,=VS*E60,0
Kalkulation,G60,=B60+gamma3*C60,0
Kalkulation,H60,"=F60+alpha*t*BJB*Act_axn_k(x+A60,MAX(5-A60,0),Sex,Tafel,Zins,1)/Act_axn_k(x,5,Sex,Tafel,Zins,1)",0
Kalkulation,I60,"=IF(AND(x+A60>=MinAlterFlex,A60>=n-MinRLZFlex),1,0)",1
Kalkulation,J60,"=IF(OR(A60>n,I60),0,MIN(150,MAX(50,1%*(VS-F60))))",0
Kalkulation,K60,"=MAX(0,H60-J60)",0
Kalkulation,L60,"=IFERROR(IF(A60>n,0,IF(A60<t,H60/G60,VS)),0)",0
Kalkulation,A61,45,45
Kalkulation,B61,"=IF(A61<=n,act_nGrAx(x+$A61,MAX(0,n-$A61),Sex,Tafel,Zins)+Act_Dx(x+n,Sex,Tafel,Zins)/Act_Dx(x+$A61,Sex,Tafel,Zins),0)",0
Kalkulation,C61,"=Act_axn_k(x+$A61,MAX(0,n-$A61),Sex,Tafel,Zins,1)",0
Kalkulation,D61,"=Act_axn_k(x+$A61,MAX(0,t-$A61),Sex,Tafel,Zins,1)",0
Kalkulation,E61,"=B61-P_xt*D61+gamma2*(C61-Act_axn_k(x,n,Sex,Tafel,Zins,1)/Act_axn_k(x,t,Sex,Tafel,Zins,1)*D61)",0
Kalkulation,F61,=VS*E61,0
Kalkulation,G61,=B61+gamma3*C61,0
Kalkulation,H61,"=F61+alpha*t*BJB*Act_axn_k(x+A61,MAX(5-A61,0),Sex,Tafel,Zins,1)/Act_axn_k(x,5,Sex,Tafel,Zins,1)",0
Kalkulation,I61,"=IF(AND(x+A61>=MinAlterFlex,A61>=n-MinRLZFlex),1,0)",1
Kalkulation,J61,"=IF(OR(A61>n,I61),0,MIN(150,MAX(50,1%*(VS-F61))))",0
Kalkulation,K61,"=MAX(0,H61-J61)",0
Kalkulation,L61,"=IFERROR(IF(A61>n,0,IF(A61<t,H61/G61,VS)),0)",0
Kalkulation,A62,46,46
Kalkulation,B62,"=IF(A62<=n,act_nGrAx(x+$A62,MAX(0,n-$A62),Sex,Tafel,Zins)+Act_Dx(x+n,Sex,Tafel,Zins)/Act_Dx(x+$A62,Sex,Tafel,Zins),0)",0
Kalkulation,C62,"=Act_axn_k(x+$A62,MAX(0,n-$A62),Sex,Tafel,Zins,1)",0
Kalkulation,D62,"=Act_axn_k(x+$A62,MAX(0,t-$A62),Sex,Tafel,Zins,1)",0
Kalkulation,E62,"=B62-P_xt*D62+gamma2*(C62-Act_axn_k(x,n,Sex,Tafel,Zins,1)/Act_axn_k(x,t,Sex,Tafel,Zins,1)*D62)",0
Kalkulation,F62,=VS*E62,0
Kalkulation,G62,=B62+gamma3*C62,0
Kalkulation,H62,"=F62+alpha*t*BJB*Act_axn_k(x+A62,MAX(5-A62,0),Sex,Tafel,Zins,1)/Act_axn_k(x,5,Sex,Tafel,Zins,1)",0
Kalkulation,I62,"=IF(AND(x+A62>=MinAlterFlex,A62>=n-MinRLZFlex),1,0)",1
Kalkulation,J62,"=IF(OR(A62>n,I62),0,MIN(150,MAX(50,1%*(VS-F62))))",0
Kalkulation,K62,"=MAX(0,H62-J62)",0
Kalkulation,L62,"=IFERROR(IF(A62>n,0,IF(A62<t,H62/G62,VS)),0)",0
Kalkulation,A63,47,47
Kalkulation,B63,"=IF(A63<=n,act_nGrAx(x+$A63,MAX(0,n-$A63),Sex,Tafel,Zins)+Act_Dx(x+n,Sex,Tafel,Zins)/Act_Dx(x+$A63,Sex,Tafel,Zins),0)",0
Kalkulation,C63,"=Act_axn_k(x+$A63,MAX(0,n-$A63),Sex,Tafel,Zins,1)",0
Kalkulation,D63,"=Act_axn_k(x+$A63,MAX(0,t-$A63),Sex,Tafel,Zins,1)",0
Kalkulation,E63,"=B63-P_xt*D63+gamma2*(C63-Act_axn_k(x,n,Sex,Tafel,Zins,1)/Act_axn_k(x,t,Sex,Tafel,Zins,1)*D63)",0
Kalkulation,F63,=VS*E63,0
Kalkulation,G63,=B63+gamma3*C63,0
Kalkulation,H63,"=F63+alpha*t*BJB*Act_axn_k(x+A63,MAX(5-A63,0),Sex,Tafel,Zins,1)/Act_axn_k(x,5,Sex,Tafel,Zins,1)",0
Kalkulation,I63,"=IF(AND(x+A63>=MinAlterFlex,A63>=n-MinRLZFlex),1,0)",1
Kalkulation,J63,"=IF(OR(A63>n,I63),0,MIN(150,MAX(50,1%*(VS-F63))))",0
Kalkulation,K63,"=MAX(0,H63-J63)",0
Kalkulation,L63,"=IFERROR(IF(A63>n,0,IF(A63<t,H63/G63,VS)),0)",0
Kalkulation,A64,48,48
Kalkulation,B64,"=IF(A64<=n,act_nGrAx(x+$A64,MAX(0,n-$A64),Sex,Tafel,Zins)+Act_Dx(x+n,Sex,Tafel,Zins)/Act_Dx(x+$A64,Sex,Tafel,Zins),0)",0
Kalkulation,C64,"=Act_axn_k(x+$A64,MAX(0,n-$A64),Sex,Tafel,Zins,1)",0
Kalkulation,D64,"=Act_axn_k(x+$A64,MAX(0,t-$A64),Sex,Tafel,Zins,1)",0
Kalkulation,E64,"=B64-P_xt*D64+gamma2*(C64-Act_axn_k(x,n,Sex,Tafel,Zins,1)/Act_axn_k(x,t,Sex,Tafel,Zins,1)*D64)",0
Kalkulation,F64,=VS*E64,0
Kalkulation,G64,=B64+gamma3*C64,0
Kalkulation,H64,"=F64+alpha*t*BJB*Act_axn_k(x+A64,MAX(5-A64,0),Sex,Tafel,Zins,1)/Act_axn_k(x,5,Sex,Tafel,Zins,1)",0
Kalkulation,I64,"=IF(AND(x+A64>=MinAlterFlex,A64>=n-MinRLZFlex),1,0)",1
Kalkulation,J64,"=IF(OR(A64>n,I64),0,MIN(150,MAX(50,1%*(VS-F64))))",0
Kalkulation,K64,"=MAX(0,H64-J64)",0
Kalkulation,L64,"=IFERROR(IF(A64>n,0,IF(A64<t,H64/G64,VS)),0)",0
Kalkulation,A65,49,49
Kalkulation,B65,"=IF(A65<=n,act_nGrAx(x+$A65,MAX(0,n-$A65),Sex,Tafel,Zins)+Act_Dx(x+n,Sex,Tafel,Zins)/Act_Dx(x+$A65,Sex,Tafel,Zins),0)",0
Kalkulation,C65,"=Act_axn_k(x+$A65,MAX(0,n-$A65),Sex,Tafel,Zins,1)",0
Kalkulation,D65,"=Act_axn_k(x+$A65,MAX(0,t-$A65),Sex,Tafel,Zins,1)",0
Kalkulation,E65,"=B65-P_xt*D65+gamma2*(C65-Act_axn_k(x,n,Sex,Tafel,Zins,1)/Act_axn_k(x,t,Sex,Tafel,Zins,1)*D65)",0
Kalkulation,F65,=VS*E65,0
Kalkulation,G65,=B65+gamma3*C65,0
Kalkulation,H65,"=F65+alpha*t*BJB*Act_axn_k(x+A65,MAX(5-A65,0),Sex,Tafel,Zins,1)/Act_axn_k(x,5,Sex,Tafel,Zins,1)",0
Kalkulation,I65,"=IF(AND(x+A65>=MinAlterFlex,A65>=n-MinRLZFlex),1,0)",1
Kalkulation,J65,"=IF(OR(A65>n,I65),0,MIN(150,MAX(50,1%*(VS-F65))))",0
Kalkulation,K65,"=MAX(0,H65-J65)",0
Kalkulation,L65,"=IFERROR(IF(A65>n,0,IF(A65<t,H65/G65,VS)),0)",0
Kalkulation,A66,50,50
Kalkulation,B66,"=IF(A66<=n,act_nGrAx(x+$A66,MAX(0,n-$A66),Sex,Tafel,Zins)+Act_Dx(x+n,Sex,Tafel,Zins)/Act_Dx(x+$A66,Sex,Tafel,Zins),0)",0
Kalkulation,C66,"=Act_axn_k(x+$A66,MAX(0,n-$A66),Sex,Tafel,Zins,1)",0
Kalkulation,D66,"=Act_axn_k(x+$A66,MAX(0,t-$A66),Sex,Tafel,Zins,1)",0
Kalkulation,E66,"=B66-P_xt*D66+gamma2*(C66-Act_axn_k(x,n,Sex,Tafel,Zins,1)/Act_axn_k(x,t,Sex,Tafel,Zins,1)*D66)",0
Kalkulation,F66,=VS*E66,0
Kalkulation,G66,=B66+gamma3*C66,0
Kalkulation,H66,"=F66+alpha*t*BJB*Act_axn_k(x+A66,MAX(5-A66,0),Sex,Tafel,Zins,1)/Act_axn_k(x,5,Sex,Tafel,Zins,1)",0
Kalkulation,I66,"=IF(AND(x+A66>=MinAlterFlex,A66>=n-MinRLZFlex),1,0)",1
Kalkulation,J66,"=IF(OR(A66>n,I66),0,MIN(150,MAX(50,1%*(VS-F66))))",0
Kalkulation,K66,"=MAX(0,H66-J66)",0
Kalkulation,L66,"=IFERROR(IF(A66>n,0,IF(A66<t,H66/G66,VS)),0)",0
Tafeln,A3,x/y,x/y
Tafeln,B3,DAV1994_T_M,DAV1994_T_M
Tafeln,C3,DAV1994_T_F,DAV1994_T_F
Tafeln,D3,DAV2008_T_M,DAV2008_T_M
Tafeln,E3,DAV2008_T_F,DAV2008_T_F
Tafeln,A4,0,0
Tafeln,B4,0.011687,0.011687
Tafeln,C4,0.009003,0.009003
Tafeln,D4,0.006113,0.006113
Tafeln,E4,0.005088,0.005088
Tafeln,A5,1,1
Tafeln,B5,0.001008,0.001008
Tafeln,C5,0.000867,0.000867
Tafeln,D5,0.000423,0.000423
Tafeln,E5,0.000387,0.000387
Tafeln,A6,2,2
Tafeln,B6,0.000728,0.000728
Tafeln,C6,0.000624,0.000624
Tafeln,D6,0.000343,0.000343
Tafeln,E6,0.000318,0.000318
Tafeln,A7,3,3
Tafeln,B7,0.000542,0.000542
Tafeln,C7,0.000444,0.000444
Tafeln,D7,0.000275,0.000275
Tafeln,E7,0.000255,0.000255
Tafeln,A8,4,4
Tafeln,B8,0.000473,0.000473
Tafeln,C8,0.000345,0.000345
Tafeln,D8,0.00022,0.00022
Tafeln,E8,0.000202,0.000202
Tafeln,A9,5,5
Tafeln,B9,0.000452,0.000452
Tafeln,C9,0.000307,0.000307
Tafeln,D9,0.000182,0.000182
Tafeln,E9,0.000163,0.000163
Tafeln,A10,6,6
Tafeln,B10,0.000433,0.000433
Tafeln,C10,0.000293,0.000293
Tafeln,D10,0.000155,0.000155
Tafeln,E10,0.000134,0.000134
Tafeln,A11,7,7
Tafeln,B11,0.000408,0.000408
Tafeln,C11,0.000283,0.000283
Tafeln,D11,0.000139,0.000139
Tafeln,E11,0.000115,0.000115
Tafeln,A12,8,8
Tafeln,B12,0.000379,0.000379
Tafeln,C12,0.000275,0.000275
Tafeln,D12,0.000129,0.000129
Tafeln,E12,0.000105,0.000105
Tafeln,A13,9,9
Tafeln,B13,0.000352,0.000352
Tafeln,C13,0.000268,0.000268
Tafeln,D13,0.000125,0.000125
Tafeln,E13,0.000099,9.9e-05
Tafeln,A14,10,10
Tafeln,B14,0.000334,0.000334
Tafeln,C14,0.000261,0.000261
Tafeln,D14,0.000129,0.000129
Tafeln,E14,0.000102,0.000102
Tafeln,A15,11,11
Tafeln,B15,0.000331,0.000331
Tafeln,C15,0.00026,0.00026
Tafeln,D15,0.000143,0.000143
Tafeln,E15,0.000111,0.000111
Tafeln,A16,12,12
Tafeln,B16,0.00034,0.00034
Tafeln,C16,0.000267,0.000267
Tafeln,D16,0.000173,0.000173
Tafeln,E16,0.000127,0.000127
Tafeln,A17,13,13
Tafeln,B17,0.000371,0.000371
Tafeln,C17,0.000281,0.000281
Tafeln,D17,0.000222,0.000222
Tafeln,E17,0.000153,0.000153
Tafeln,A18,14,14
Tafeln,B18,0.000451,0.000451
Tafeln,C18,0.000307,0.000307
Tafeln,D18,0.000303,0.000303
Tafeln,E18,0.000188,0.000188
Tafeln,A19,15,15
Tafeln,B19,0.000593,0.000593
Tafeln,C19,0.000353,0.000353
Tafeln,D19,0.000417,0.000417
Tafeln,E19,0.000228,0.000228
Tafeln,A20,16,16
Tafeln,B20,0.000792,0.000792
Tafeln,C20,0.000416,0.000416
Tafeln,D20,0.000557,0.000557
Tafeln,E20,0.000271,0.000271
Tafeln,A21,17,17
Tafeln,B21,0.00104,0.00104
Tafeln,C21,0.00048,0.00048
Tafeln,D21,0.000709,0.000709
Tafeln,E21,0.00031,0.00031
Tafeln,A22,18,18
Tafeln,B22,0.001298,0.001298
Tafeln,C22,0.000537,0.000537
Tafeln,D22,0.00085,0.00085
Tafeln,E22,0.000324,0.000324
Tafeln,A23,19,19
Tafeln,B23,0.001437,0.001437
Tafeln,C23,0.00056,0.00056
Tafeln,D23,0.000953,0.000953
Tafeln,E23,0.00033,0.00033
Tafeln,A24,20,20
Tafeln,B24,0.001476,0.001476
Tafeln,C24,0.00056,0.00056
Tafeln,D24,0.001012,0.001012
Tafeln,E24,0.000328,0.000328
Tafeln,A25,21,21
Tafeln,B25,0.001476,0.001476
Tafeln,C25,0.00056,0.00056
Tafeln,D25,0.001022,0.001022
Tafeln,E25,0.000322,0.000322
Tafeln,A26,22,22
Tafeln,B26,0.001476,0.001476
Tafeln,C26,0.00056,0.00056
Tafeln,D26,0.001004,0.001004
Tafeln,E26,0.000314,0.000314
Tafeln,A27,23,23
Tafeln,B27,0.001476,0.001476
Tafeln,C27,0.00056,0.00056
Tafeln,D27,0.000963,0.000963
Tafeln,E27,0.000304,0.000304
Tafeln,A28,24,24
Tafeln,B28,0.001476,0.001476
Tafeln,C28,0.00056,0.00056
Tafeln,D28,0.000911,0.000911
Tafeln,E28,0.000297,0.000297
Tafeln,A29,25,25
Tafeln,B29,0.001476,0.001476
Tafeln,C29,0.00056,0.00056
Tafeln,D29,0.000856,0.000856
Tafeln,E29,0.000293,0.000293
Tafeln,A30,26,26
Tafeln,B30,0.001476,0.001476
Tafeln,C30,0.00056,0.00056
Tafeln,D30,0.000808,0.000808
Tafeln,E30,0.000292,0.000292
Tafeln,A31,27,27
Tafeln,B31,0.001476,0.001476
Tafeln,C31,0.000581,0.000581
Tafeln,D31,0.000772,0.000772
Tafeln,E31,0.000292,0.000292
Tafeln,A32,28,28
Tafeln,B32,0.001476,0.001476
Tafeln,C32,0.000612,0.000612
Tafeln,D32,0.000752,0.000752
Tafeln,E32,0.000296,0.000296
Tafeln,A33,29,29
Tafeln,B33,0.001476,0.001476
Tafeln,C33,0.000645,0.000645
Tafeln,D33,0.000745,0.000745
Tafeln,E33,0.000302,0.000302
Tafeln,A34,30,30
Tafeln,B34,0.001476,0.001476
Tafeln,C34,0.000689,0.000689
Tafeln,D34,0.000752,0.000752
Tafeln,E34,0.000311,0.000311
Tafeln,A35,31,31
Tafeln,B35,0.001476,0.001476
Tafeln,C35,0.000735,0.000735
Tafeln,D35,0.000768,0.000768
Tafeln,E35,0.000327,0.000327
Tafeln,A36,32,32
Tafeln,B36,0.001489,0.001489
Tafeln,C36,0.000783,0.000783
Tafeln,D36,0.000791,0.000791
Tafeln,E36,0.000351,0.000351
Tafeln,A37,33,33
Tafeln,B37,0.001551,0.001551
Tafeln,C37,0.000833,0.000833
Tafeln,D37,0.00082,0.00082
Tafeln,E37,0.000386,0.000386
Tafeln,A38,34,34
Tafeln,B38,0.001641,0.001641
Tafeln,C38,0.000897,0.000897
Tafeln,D38,0.000855,0.000855
Tafeln,E38,0.000433,0.000433
Tafeln,A39,35,35
Tafeln,B39,0.001747,0.001747
Tafeln,C39,0.000971,0.000971
Tafeln,D39,0.000895,0.000895
Tafeln,E39,0.00049,0.00049
Tafeln,A40,36,36
Tafeln,B40,0.001869,0.001869
Tafeln,C40,0.001057,0.001057
Tafeln,D40,0.000945,0.000945
Tafeln,E40,0.000555,0.000555
Tafeln,A41,37,37
Tafeln,B41,0.002007,0.002007
Tafeln,C41,0.001156,0.001156
Tafeln,D41,0.001005,0.001005
Tafeln,E41,0.000624,0.000624
Tafeln,A42,38,38
Tafeln,B42,0.002167,0.002167
Tafeln,C42,0.001267,0.001267
Tafeln,D42,0.001083,0.001083
Tafeln,E42,0.000701,0.000701
Tafeln,A43,39,39
Tafeln,B43,0.002354,0.002354
Tafeln,C43,0.00139,0.00139
Tafeln,D43,0.001181,0.001181
Tafeln,E43,0.000783,0.000783
Tafeln,A44,40,40
Tafeln,B44,0.002569,0.002569
Tafeln,C44,0.001524,0.001524
Tafeln,D44,0.001301,0.001301
Tafeln,E44,0.000872,0.000872
Tafeln,A45,41,41
Tafeln,B45,0.002823,0.002823
Tafeln,C45,0.001672,0.001672
Tafeln,D45,0.001447,0.001447
Tafeln,E45,0.000972,0.000972
Tafeln,A46,42,42
Tafeln,B46,0.003087,0.003087
Tafeln,C46,0.001812,0.001812
Tafeln,D46,0.001623,0.001623
Tafeln,E46,0.001084,0.001084
Tafeln,A47,43,43
Tafeln,B47,0.003387,0.003387
Tafeln,C47,0.001964,0.001964
Tafeln,D47,0.001833,0.001833
Tafeln,E47,0.001213,0.001213
Tafeln,A48,44,44
Tafeln,B48,0.003726,0.003726
Tafeln,C48,0.002126,0.002126
Tafeln,D48,0.002082,0.002082
Tafeln,E48,0.001359,0.001359
Tafeln,A49,45,45
Tafeln,B49,0.0041,0.0041
Tafeln,C49,0.002295,0.002295
Tafeln,D49,0.002364,0.002364
Tafeln,E49,0.001524,0.001524
Tafeln,A50,46,46
Tafeln,B50,0.004522,0.004522
Tafeln,C50,0.00248,0.00248
Tafeln,D50,0.002669,0.002669
Tafeln,E50,0.001706,0.001706
Tafeln,A51,47,47
Tafeln,B51,0.004983,0.004983
Tafeln,C51,0.002676,0.002676
Tafeln,D51,0.002983,0.002983
Tafeln,E51,0.001903,0.001903
Tafeln,A52,48,48
Tafeln,B52,0.005508,0.005508
Tafeln,C52,0.002902,0.002902
Tafeln,D52,0.003302,0.003302
Tafeln,E52,0.002109,0.002109
Tafeln,A53,49,49
Tafeln,B53,0.006094,0.006094
Tafeln,C53,0.003151,0.003151
Tafeln,D53,0.00363,0.00363
Tafeln,E53,0.002324,0.002324
Tafeln,A54,50,50
Tafeln,B54,0.006751,0.006751
Tafeln,C54,0.003425,0.003425
Tafeln,D54,0.003981,0.003981
Tafeln,E54,0.002546,0.002546
Tafeln,A55,51,51
Tafeln,B55,0.007485,0.007485
Tafeln,C55,0.003728,0.003728
Tafeln,D55,0.004371,0.004371
Tafeln,E55,0.002782,0.002782
Tafeln,A56,52,52
Tafeln,B56,0.008302,0.008302
Tafeln,C56,0.004066,0.004066
Tafeln,D56,0.004812,0.004812
Tafeln,E56,0.003035,0.003035
Tafeln,A57,53,53
Tafeln,B57,0.009215,0.009215
Tafeln,C57,0.00445,0.00445
Tafeln,D57,0.005308,0.005308
Tafeln,E57,0.003306,0.003306
Tafeln,A58,54,54
Tafeln,B58,0.010195,0.010195
Tafeln,C58,0.004862,0.004862
Tafeln,D58,0.005857,0.005857
Tafeln,E58,0.003593,0.003593
Tafeln,A59,55,55
Tafeln,B59,0.011236,0.011236
Tafeln,C59,0.005303,0.005303
Tafeln,D59,0.00646,0.00646
Tafeln,E59,0.003898,0.003898
Tafeln,A60,56,56
Tafeln,B60,0.01234,0.01234
Tafeln,C60,0.005777,0.005777
Tafeln,D60,0.007117,0.007117
Tafeln,E60,0.004228,0.004228
Tafeln,A61,57,57
Tafeln,B61,0.013519,0.013519
Tafeln,C61,0.006302,0.006302
Tafeln,D61,0.007831,0.007831
Tafeln,E61,0.004585,0.004585
Tafeln,A62,58,58
Tafeln,B62,0.014784,0.014784
Tafeln,C62,0.006884,0.006884
Tafeln,D62,0.008604,0.008604
Tafeln,E62,0.004974,0.004974
Tafeln,A63,59,59
Tafeln,B63,0.01615,0.01615
Tafeln,C63,0.00753,0.00753
Tafeln,D63,0.009454,0.009454
Tafeln,E63,0.005402,0.005402
Tafeln,A64,60,60
Tafeln,B64,0.017625,0.017625
Tafeln,C64,0.00824,0.00824
Tafeln,D64,0.010404,0.010404
Tafeln,E64,0.005884,0.005884
Tafeln,A65,61,61
Tafeln,B65,0.019223,0.019223
Tafeln,C65,0.009022,0.009022
Tafeln,D65,0.011504,0.011504
Tafeln,E65,0.006449,0.006449
Tafeln,A66,62,62
Tafeln,B66,0.020956,0.020956
Tafeln,C66,0.009884,0.009884
Tafeln,D66,0.012818,0.012818
Tafeln,E66,0.007126,0.007126
Tafeln,A67,63,63
Tafeln,B67,0.022833,0.022833
Tafeln,C67,0.010839,0.010839
Tafeln,D67,0.014429,0.014429
Tafeln,E67,0.007935,0.007935
Tafeln,A68,64,64
Tafeln,B68,0.024858,0.024858
Tafeln,C68,0.011889,0.011889
Tafeln,D68,0.016415,0.016415
Tafeln,E68,0.008898,0.008898
Tafeln,A69,65,65
Tafeln,B69,0.027073,0.027073
Tafeln,C69,0.013054,0.013054
Tafeln,D69,0.018832,0.018832
Tafeln,E69,0.010025,0.010025
Tafeln,A70,66,66
Tafeln,B70,0.029552,0.029552
Tafeln,C70,0.014371,0.014371
Tafeln,D70,0.021704,0.021704
Tafeln,E70,0.011323,0.011323
Tafeln,A71,67,67
Tafeln,B71,0.03235,0.03235
Tafeln,C71,0.015874,0.015874
Tafeln,D71,0.025016,0.025016
Tafeln,E71,0.012797,0.012797
Tafeln,A72,68,68
Tafeln,B72,0.035632,0.035632
Tafeln,C72,0.017667,0.017667
Tafeln,D72,0.028738,0.028738
Tafeln,E72,0.01446,0.01446
Tafeln,A73,69,69
Tafeln,B73,0.039224,0.039224
Tafeln,C73,0.019657,0.019657
Tafeln,D73,0.032822,0.032822
Tafeln,E73,0.016332,0.016332
Tafeln,A74,70,70
Tafeln,B74,0.043127,0.043127
Tafeln,C74,0.021861,0.021861
Tafeln,D74,0.037219,0.037219
Tafeln,E74,0.01844,0.01844
Tafeln,A75,71,71
Tafeln,B75,0.0474,0.0474
Tafeln,C75,0.024344,0.024344
Tafeln,D75,0.04188,0.04188
Tafeln,E75,0.020813,0.020813
Tafeln,A76,72,72
Tafeln,B76,0.05211,0.05211
Tafeln,C76,0.027191,0.027191
Tafeln,D76,0.046597,0.046597
Tafeln,E76,0.023475,0.023475
Tafeln,A77,73,73
Tafeln,B77,0.057472,0.057472
Tafeln,C77,0.030576,0.030576
Tafeln,D77,0.051181,0.051181
Tafeln,E77,0.027035,0.027035
Tafeln,A78,74,74
Tafeln,B78,0.06344,0.06344
Tafeln,C78,0.034504,0.034504
Tafeln,D78,0.05611,0.05611
Tafeln,E78,0.030413,0.030413
Tafeln,A79,75,75
Tafeln,B79,0.070039,0.070039
Tafeln,C79,0.03903,0.03903
Tafeln,D79,0.061477,0.061477
Tafeln,E79,0.034287,0.034287
Tafeln,A80,76,76
Tafeln,B80,0.077248,0.077248
Tafeln,C80,0.044184,0.044184
Tafeln,D80,0.067433,0.067433
Tafeln,E80,0.038749,0.038749
Tafeln,A81,77,77
Tafeln,B81,0.085073,0.085073
Tafeln,C81,0.050014,0.050014
Tafeln,D81,0.07416,0.07416
Tafeln,E81,0.043937,0.043937
Tafeln,A82,78,78
Tafeln,B82,0.093534,0.093534
Tafeln,C82,0.056574,0.056574
Tafeln,D82,0.081806,0.081806
Tafeln,E82,0.049993,0.049993
Tafeln,A83,79,79
Tafeln,B83,0.102662,0.102662
Tafeln,C83,0.063921,0.063921
Tafeln,D83,0.090478,0.090478
Tafeln,E83,0.057024,0.057024
Tafeln,A84,80,80
Tafeln,B84,0.112477,0.112477
Tafeln,C84,0.072101,0.072101
Tafeln,D84,0.100261,0.100261
Tafeln,E84,0.065113,0.065113
Tafeln,A85,81,81
Tafeln,B85,0.122995,0.122995
Tafeln,C85,0.081151,0.081151
Tafeln,D85,0.111193,0.111193
Tafeln,E85,0.074288,0.074288
Tafeln,A86,82,82
Tafeln,B86,0.134231,0.134231
Tafeln,C86,0.091096,0.091096
Tafeln,D86,0.123283,0.123283
Tafeln,E86,0.08459,0.08459
Tafeln,A87,83,83
Tafeln,B87,0.146212,0.146212
Tafeln,C87,0.10197,0.10197
Tafeln,D87,0.136498,0.136498
Tafeln,E87,0.096095,0.096095
Tafeln,A88,84,84
Tafeln,B88,0.158964,0.158964
Tafeln,C88,0.113798,0.113798
Tafeln,D88,0.150887,0.150887
Tafeln,E88,0.109028,0.109028
Tafeln,A89,85,85
Tafeln,B89,0.172512,0.172512
Tafeln,C89,0.126628,0.126628
Tafeln,D89,0.1665,0.1665
Tafeln,E89,0.123611,0.123611
Tafeln,A90,86,86
Tafeln,B90,0.186896,0.186896
Tafeln,C90,0.140479,0.140479
Tafeln,D90,0.183344,0.183344
Tafeln,E90,0.140022,0.140022
Tafeln,A91,87,87
Tafeln,B91,0.202185,0.202185
Tafeln,C91,0.155379,0.155379
Tafeln,D91,0.201323,0.201323
Tafeln,E91,0.158257,0.158257
Tafeln,A92,88,88
Tafeln,B92,0.218413,0.218413
Tafeln,C92,0.171325,0.171325
Tafeln,D92,0.220284,0.220284
Tafeln,E92,0.178185,0.178185
Tafeln,A93,89,89
Tafeln,B93,0.235597,0.235597
Tafeln,C93,0.188318,0.188318
Tafeln,D93,0.240073,0.240073
Tafeln,E93,0.199669,0.199669
Tafeln,A94,90,90
Tafeln,B94,0.253691,0.253691
Tafeln,C94,0.206375,0.206375
Tafeln,D94,0.260556,0.260556
Tafeln,E94,0.222504,0.222504
Tafeln,A95,91,91
Tafeln,B95,0.272891,0.272891
Tafeln,C95,0.225558,0.225558
Tafeln,D95,0.281602,0.281602
Tafeln,E95,0.246453,0.246453
Tafeln,A96,92,92
Tafeln,B96,0.293142,0.293142
Tafeln,C96,0.245839,0.245839
Tafeln,D96,0.303079,0.303079
Tafeln,E96,0.271195,0.271195
Tafeln,A97,93,93
Tafeln,B97,0.314638,0.314638
Tafeln,C97,0.26727,0.26727
Tafeln,D97,0.324872,0.324872
Tafeln,E97,0.295584,0.295584
Tafeln,A98,94,94
Tafeln,B98,0.337739,0.337739
Tafeln,C98,0.289983,0.289983
Tafeln,D98,0.346887,0.346887
Tafeln,E98,0.319362,0.319362
Tafeln,A99,95,95
Tafeln,B99,0.36206,0.36206
Tafeln,C99,0.314007,0.314007
Tafeln,D99,0.369051,0.369051
Tafeln,E99,0.343441,0.343441
Tafeln,A100,96,96
Tafeln,B100,0.388732,0.388732
Tafeln,C100,0.340119,0.340119
Tafeln,D100,0.391305,0.391305
Tafeln,E100,0.367818,0.367818
Tafeln,A101,97,97
Tafeln,B101,0.419166,0.419166
Tafeln,C101,0.367388,0.367388
Tafeln,D101,0.413938,0.413938
Tafeln,E101,0.392493,0.392493
Tafeln,A102,98,98
Tafeln,B102,0.452008,0.452008
Tafeln,C102,0.397027,0.397027
Tafeln,D102,0.437313,0.437313
Tafeln,E102,0.41746,0.41746
Tafeln,A103,99,99
Tafeln,B103,0.4864,0.4864
Tafeln,C103,0.428748,0.428748
Tafeln,D103,0.461101,0.461101
Tafeln,E103,0.442716,0.442716
Tafeln,A104,100,100
Tafeln,B104,1,1
Tafeln,C104,1,1
Tafeln,D104,0.485304,0.485304
Tafeln,E104,0.468258,0.468258
Tafeln,A105,101,101
Tafeln,B105,1,1
Tafeln,C105,1,1
Tafeln,D105,0.509924,0.509924
Tafeln,E105,0.494075,0.494075
Tafeln,A106,102,102
Tafeln,B106,1,1
Tafeln,C106,1,1
Tafeln,D106,0.534957,0.534957
Tafeln,E106,0.520164,0.520164
Tafeln,A107,103,103
Tafeln,B107,1,1
Tafeln,C107,1,1
Tafeln,D107,0.560407,0.560407
Tafeln,E107,0.546514,0.546514
Tafeln,A108,104,104
Tafeln,B108,1,1
Tafeln,C108,1,1
Tafeln,D108,0.586265,0.586265
Tafeln,E108,0.573114,0.573114
Tafeln,A109,105,105
Tafeln,B109,1,1
Tafeln,C109,1,1
Tafeln,D109,0.612529,0.612529
Tafeln,E109,0.599953,0.599953
Tafeln,A110,106,106
Tafeln,B110,1,1
Tafeln,C110,1,1
Tafeln,D110,0.639188,0.639188
Tafeln,E110,0.627014,0.627014
Tafeln,A111,107,107
Tafeln,B111,1,1
Tafeln,C111,1,1
Tafeln,D111,0.666233,0.666233
Tafeln,E111,0.654283,0.654283
Tafeln,A112,108,108
Tafeln,B112,1,1
Tafeln,C112,1,1
Tafeln,D112,0.693651,0.693651
Tafeln,E112,0.681741,0.681741
Tafeln,A113,109,109
Tafeln,B113,1,1
Tafeln,C113,1,1
Tafeln,D113,0.721425,0.721425
Tafeln,E113,0.709364,0.709364
Tafeln,A114,110,110
Tafeln,B114,1,1
Tafeln,C114,1,1
Tafeln,D114,0.749533,0.749533
Tafeln,E114,0.73713,0.73713
Tafeln,A115,111,111
Tafeln,B115,1,1
Tafeln,C115,1,1
Tafeln,D115,0.77795,0.77795
Tafeln,E115,0.765011,0.765011
Tafeln,A116,112,112
Tafeln,B116,1,1
Tafeln,C116,1,1
Tafeln,D116,0.806647,0.806647
Tafeln,E116,0.792974,0.792974
Tafeln,A117,113,113
Tafeln,B117,1,1
Tafeln,C117,1,1
Tafeln,D117,0.835585,0.835585
Tafeln,E117,0.820987,0.820987
Tafeln,A118,114,114
Tafeln,B118,1,1
Tafeln,C118,1,1
Tafeln,D118,0.864722,0.864722
Tafeln,E118,0.849009,0.849009
Tafeln,A119,115,115
Tafeln,B119,1,1
Tafeln,C119,1,1
Tafeln,D119,0.894008,0.894008
Tafeln,E119,0.876998,0.876998
Tafeln,A120,116,116
Tafeln,B120,1,1
Tafeln,C120,1,1
Tafeln,D120,0.923382,0.923382
Tafeln,E120,0.904905,0.904905
Tafeln,A121,117,117
Tafeln,B121,1,1
Tafeln,C121,1,1
Tafeln,D121,0.952778,0.952778
Tafeln,E121,0.932675,0.932675
Tafeln,A122,118,118
Tafeln,B122,1,1
Tafeln,C122,1,1
Tafeln,D122,0.982113,0.982113
Tafeln,E122,0.960249,0.960249
Tafeln,A123,119,119
Tafeln,B123,1,1
Tafeln,C123,1,1
Tafeln,D123,1,1
Tafeln,E123,0.987564,0.987564
Tafeln,A124,120,120
Tafeln,B124,1,1
Tafeln,C124,1,1
Tafeln,D124,1,1
Tafeln,E124,1,1
Tafeln,A125,121,121
Tafeln,B125,1,1
Tafeln,C125,1,1
Tafeln,D125,1,1
Tafeln,E125,1,1
Tafeln,A126,122,122
Tafeln,B126,1,1
Tafeln,C126,1,1
Tafeln,D126,1,1
Tafeln,E126,1,1
Tafeln,A127,123,123
Tafeln,B127,1,1
Tafeln,C127,1,1
Tafeln,D127,1,1
Tafeln,E127,1,1
