"Blatt","Adresse","Formel","Wert"
"Kalkulation","$A$1","Tarifrechner KLV","Tarifrechner KLV"
"Kalkulation","$D$1","Pfefferminzia Lebensversicherung AG","Pfefferminzia Lebensversicherung AG"
"Kalkulation","$J$1","VBA-Lösung mit KW-Cache","VBA-Lösung mit KW-Cache"
"Kalkulation","$A$3","Vertragsdaten","Vertragsdaten"
"Kalkulation","$D$3","Tarifdaten","Tarifdaten"
"Kalkulation","$G$3","Grenzen","Grenzen"
"Kalkulation","$J$3","Beitragsberechnung","Beitragsberechnung"
"Kalkulation","$A$4","x","x"
"Kalkulation","$B$4","40",40.0
"Kalkulation","$D$4","Zins","Zins"
"Kalkulation","$E$4","0.0175",0.0175
"Kalkulation","$G$4","MinAlterFlex","MinAlterFlex"
"Kalkulation","$H$4","60",60.0
"Kalkulation","$A$5","Sex","Sex"
"Kalkulation","$B$5","M","M"
"Kalkulation","$D$5","Tafel","Tafel"
"Kalkulation","$E$5","DAV1994_T","DAV1994_T"
"Kalkulation","$G$5","MinRLZFlex","MinRLZFlex"
"Kalkulation","$H$5","5",5.0
"Kalkulation","$J$5","Bxt","Bxt"
"Kalkulation","$K$5","=( act_nGrAx(x,n,Sex,Tafel,Zins)+Act_Dx(x+n,Sex,Tafel,Zins)/Act_Dx(x,Sex,Tafel,Zins)+gamma1*Act_axn_k(x,t,Sex,Tafel,Zins,1)+gamma2*(Act_axn_k(x,n,Sex,Tafel,Zins,1)-Act_axn_k(x,t,Sex,Tafel,Zins,1)))/((1-beta1)*Act_axn_k(x,t,Sex,Tafel,Zins,1)-alpha*t)",0.04226001029372492
"Kalkulation","$A$6","n","n"
"Kalkulation","$B$6","30",30.0
"Kalkulation","$D$6","alpha","alpha"
"Kalkulation","$E$6","0.025",0.025
"Kalkulation","$J$6","BJB","BJB"
"Kalkulation","$K$6","=VS*K5",4226.001
"Kalkulation","$A$7","t","t"
"Kalkulation","$B$7","20",20.0
"Kalkulation","$D$7","beta1","beta1"
"Kalkulation","$E$7","0.025",0.025
"Kalkulation","$J$7","BZB","BZB"
"Kalkulation","$K$7","=(1+ratzu)/zw*(K6+k)",371.8751
"Kalkulation","$A$8","VS","VS"
"Kalkulation","$B$8","100000",100000
"Kalkulation","$D$8","gamma1","gamma1"
"Kalkulation","$E$8","0.0008",0.0008
"Kalkulation","$A$9","zw","zw"
"Kalkulation","$B$9","12",12.0
"Kalkulation","$D$9","gamma2","gamma2"
"Kalkulation","$E$9","0.00125",0.00125
"Kalkulation","$J$9","Pxt","Pxt"
"Kalkulation","$K$9","=(act_nGrAx(x,n,Sex,Tafel,Zins)+Act_Dx(x+n,Sex,Tafel,Zins)/Act_Dx(x,Sex,Tafel,Zins)+t*alpha*B_xt)/Act_axn_k(x,t,Sex,Tafel,Zins,1)",0.040012169238708255
"Kalkulation","$D$10","gamma3","gamma3"
"Kalkulation","$E$10","0.0025",0.0025
"Kalkulation","$D$11","k","k"
"Kalkulation","$E$11","24",24.0
"Kalkulation","$D$12","ratzu","ratzu"
"Kalkulation","$E$12","=IF(zw=2,2%,IF(zw=4,3%,IF(zw=12,5%,0)))",0.05
"Kalkulation","$A$14","Verlaufswerte","Verlaufswerte"
"Kalkulation","$A$15","k","k"
"Kalkulation","$B$15","Axn","Axn"
"Kalkulation","$C$15","axn","axn"
"Kalkulation","$D$15","axt","axt"
"Kalkulation","$E$15","kVx_bpfl","kVx_bpfl"
"Kalkulation","$F$15","kDRx_bpfl","kDRx_bpfl"
"Kalkulation","$G$15","kVx_bfr","kVx_bfr"
"Kalkulation","$H$15","kVx_MRV","kVx_MRV"
"Kalkulation","$I$15","flex. Phase","flex. Phase"
"Kalkulation","$J$15","StoAb","StoAb"
"Kalkulation","$K$15","RKW","RKW"
"Kalkulation","$L$15","VS_bfr","VS_bfr"
"Kalkulation","$A$16","0",0.0
"Kalkulation","$B$16","=IF(A16<=n,act_nGrAx(x+$A16,MAX(0,n-$A16),Sex,Tafel,Zins)+Act_Dx(x+n,Sex,Tafel,Zins)/Act_Dx(x+$A16,Sex,Tafel,Zins),0)",0.63159227805218
"Kalkulation","$C$16","=Act_axn_k(x+$A16,MAX(0,n-$A16),Sex,Tafel,Zins,1)",21.420277547537385
"Kalkulation","$D$16","=Act_axn_k(x+$A16,MAX(0,t-$A16),Sex,Tafel,Zins,1)",16.31309413156213
"Kalkulation","$E$16","=B16-P_xt*D16+gamma2*(C16-Act_axn_k(x,n,Sex,Tafel,Zins,1)/Act_axn_k(x,t,Sex,Tafel,Zins,1)*D16)",-0.021130005146862474
"Kalkulation","$F$16","=VS*E16",-2113.0005
"Kalkulation","$G$16","=B16+gamma3*C16",0.6851429719210235
"Kalkulation","$H$16","=F16+alpha*t*BJB*Act_axn_k(x+A16,MAX(5-A16,0),Sex,Tafel,Zins,1)/Act_axn_k(x,5,Sex,Tafel,Zins,1)",0
"Kalkulation","$I$16","=IF(AND(x+A16>=MinAlterFlex,A16>=n-MinRLZFlex),1,0)",0.0
"Kalkulation","$J$16","=IF(OR(A16>n,I16),0,MIN(150,MAX(50,1%*(VS-F16))))",150
"Kalkulation","$K$16","=MAX(0,H16-J16)",0
"Kalkulation","$L$16","=IFERROR(IF(A16>n,0,IF(A16<t,H16/G16,VS)),0)",0
"Kalkulation","$A$17","1",1.0
"Kalkulation","$B$17","=IF(A17<=n,act_nGrAx(x+$A17,MAX(0,n-$A17),Sex,Tafel,Zins)+Act_Dx(x+n,Sex,Tafel,Zins)/Act_Dx(x+$A17,Sex,Tafel,Zins),0)",0.6417247337591211
"Kalkulation","$C$17","=Act_axn_k(x+$A17,MAX(0,n-$A17),Sex,Tafel,Zins,1)",20.8311476228625
"Kalkulation","$D$17","=Act_axn_k(x+$A17,MAX(0,t-$A17),Sex,Tafel,Zins,1)",15.621204152331885
"Kalkulation","$E$17","=B17-P_xt*D17+gamma2*(C17-Act_axn_k(x,n,Sex,Tafel,Zins,1)/Act_axn_k(x,t,Sex,Tafel,Zins,1)*D17)",0.017085684348174136
"Kalkulation","$F$17","=VS*E17",1708.5684
"Kalkulation","$G$17","=B17+gamma3*C17",0.6938026028162774
"Kalkulation","$H$17","=F17+alpha*t*BJB*Act_axn_k(x+A17,MAX(5-A17,0),Sex,Tafel,Zins,1)/Act_axn_k(x,5,Sex,Tafel,Zins,1)",3415.4079
"Kalkulation","$I$17","=IF(AND(x+A17>=MinAlterFlex,A17>=n-MinRLZFlex),1,0)",0.0
"Kalkulation","$J$17","=IF(OR(A17>n,I17),0,MIN(150,MAX(50,1%*(VS-F17))))",150
"Kalkulation","$K$17","=MAX(0,H17-J17)",3265.4079
"Kalkulation","$L$17","=IFERROR(IF(A17>n,0,IF(A17<t,H17/G17,VS)),0)",4922.7372
"Kalkulation","$A$18","2",2.0
"Kalkulation","$B$18","=IF(A18<=n,act_nGrAx(x+$A18,MAX(0,n-$A18),Sex,Tafel,Zins)+Act_Dx(x+n,Sex,Tafel,Zins)/Act_Dx(x+$A18,Sex,Tafel,Zins),0)",0.6519724347833002
"Kalkulation","$C$18","=Act_axn_k(x+$A18,MAX(0,n-$A18),Sex,Tafel,Zins,1)",20.235317006171048
"Kalkulation","$D$18","=Act_axn_k(x+$A18,MAX(0,t-$A18),Sex,Tafel,Zins,1)",14.919192104308186
"Kalkulation","$E$18","=B18-P_xt*D18+gamma2*(C18-Act_axn_k(x,n,Sex,Tafel,Zins,1)/Act_axn_k(x,t,Sex,Tafel,Zins,1)*D18)",0.05582986298950499
"Kalkulation","$F$18","=VS*E18",5582.9863
"Kalkulation","$G$18","=B18+gamma3*C18",0.7025607272987279
"Kalkulation","$H$18","=F18+alpha*t*BJB*Act_axn_k(x+A18,MAX(5-A18,0),Sex,Tafel,Zins,1)/Act_axn_k(x,5,Sex,Tafel,Zins,1)",6875.8217
"Kalkulation","$I$18","=IF(AND(x+A18>=MinAlterFlex,A18>=n-MinRLZFlex),1,0)",0.0
"Kalkulation","$J$18","=IF(OR(A18>n,I18),0,MIN(150,MAX(50,1%*(VS-F18))))",150
"Kalkulation","$K$18","=MAX(0,H18-J18)",6725.8217
"Kalkulation","$L$18","=IFERROR(IF(A18>n,0,IF(A18<t,H18/G18,VS)),0)",9786.8006
"Kalkulation","$A$19","3",3.0
"Kalkulation","$B$19","=IF(A19<=n,act_nGrAx(x+$A19,MAX(0,n-$A19),Sex,Tafel,Zins)+Act_Dx(x+n,Sex,Tafel,Zins)/Act_Dx(x+$A19,Sex,Tafel,Zins),0)",0.6623395947209115
"Kalkulation","$C$19","=Act_axn_k(x+$A19,MAX(0,n-$A19),Sex,Tafel,Zins,1)",19.63254070694141
"Kalkulation","$D$19","=Act_axn_k(x+$A19,MAX(0,t-$A19),Sex,Tafel,Zins,1)",14.20663384481256
"Kalkulation","$E$19","=B19-P_xt*D19+gamma2*(C19-Act_axn_k(x,n,Sex,Tafel,Zins,1)/Act_axn_k(x,t,Sex,Tafel,Zins,1)*D19)",0.09512410516648707
"Kalkulation","$F$19","=VS*E19",9512.4105
"Kalkulation","$G$19","=B19+gamma3*C19",0.711420946488265
"Kalkulation","$H$19","=F19+alpha*t*BJB*Act_axn_k(x+A19,MAX(5-A19,0),Sex,Tafel,Zins,1)/Act_axn_k(x,5,Sex,Tafel,Zins,1)",10383.0348
"Kalkulation","$I$19","=IF(AND(x+A19>=MinAlterFlex,A19>=n-MinRLZFlex),1,0)",0.0
"Kalkulation","$J$19","=IF(OR(A19>n,I19),0,MIN(150,MAX(50,1%*(VS-F19))))",150
"Kalkulation","$K$19","=MAX(0,H19-J19)",10233.0348
"Kalkulation","$L$19","=IFERROR(IF(A19>n,0,IF(A19<t,H19/G19,VS)),0)",14594.7836
"Kalkulation","$A$20","4",4.0
"Kalkulation","$B$20","=IF(A20<=n,act_nGrAx(x+$A20,MAX(0,n-$A20),Sex,Tafel,Zins)+Act_Dx(x+n,Sex,Tafel,Zins)/Act_Dx(x+$A20,Sex,Tafel,Zins),0)",0.6728223870534769
"Kalkulation","$C$20","=Act_axn_k(x+$A20,MAX(0,n-$A20),Sex,Tafel,Zins,1)",19.023041209890845
"Kalkulation","$D$20","=Act_axn_k(x+$A20,MAX(0,t-$A20),Sex,Tafel,Zins,1)",13.483418274793564
"Kalkulation","$E$20","=B20-P_xt*D20+gamma2*(C20-Act_axn_k(x,n,Sex,Tafel,Zins,1)/Act_axn_k(x,t,Sex,Tafel,Zins,1)*D20)",0.13496949013199303
"Kalkulation","$F$20","=VS*E20",13496.949
"Kalkulation","$G$20","=B20+gamma3*C20",0.720379990078204
"Kalkulation","$H$20","=F20+alpha*t*BJB*Act_axn_k(x+A20,MAX(5-A20,0),Sex,Tafel,Zins,1)/Act_axn_k(x,5,Sex,Tafel,Zins,1)",13936.7755
"Kalkulation","$I$20","=IF(AND(x+A20>=MinAlterFlex,A20>=n-MinRLZFlex),1,0)",0.0
"Kalkulation","$J$20","=IF(OR(A20>n,I20),0,MIN(150,MAX(50,1%*(VS-F20))))",150
"Kalkulation","$K$20","=MAX(0,H20-J20)",13786.7755
"Kalkulation","$L$20","=IFERROR(IF(A20>n,0,IF(A20<t,H20/G20,VS)),0)",19346.4222
"Kalkulation","$A$21","5",5.0
"Kalkulation","$B$21","=IF(A21<=n,act_nGrAx(x+$A21,MAX(0,n-$A21),Sex,Tafel,Zins)+Act_Dx(x+n,Sex,Tafel,Zins)/Act_Dx(x+$A21,Sex,Tafel,Zins),0)",0.683417191281626
"Kalkulation","$C$21","=Act_axn_k(x+$A21,MAX(0,n-$A21),Sex,Tafel,Zins,1)",18.40702902119689
"Kalkulation","$D$21","=Act_axn_k(x+$A21,MAX(0,t-$A21),Sex,Tafel,Zins,1)",12.749382293026253
"Kalkulation","$E$21","=B21-P_xt*D21+gamma2*(C21-Act_axn_k(x,n,Sex,Tafel,Zins,1)/Act_axn_k(x,t,Sex,Tafel,Zins,1)*D21)",0.17536945425788478
"Kalkulation","$F$21","=VS*E21",17536.9454
"Kalkulation","$G$21","=B21+gamma3*C21",0.7294347638346182
"Kalkulation","$H$21","=F21+alpha*t*BJB*Act_axn_k(x+A21,MAX(5-A21,0),Sex,Tafel,Zins,1)/Act_axn_k(x,5,Sex,Tafel,Zins,1)",17536.9454
"Kalkulation","$I$21","=IF(AND(x+A21>=MinAlterFlex,A21>=n-MinRLZFlex),1,0)",0.0
"Kalkulation","$J$21","=IF(OR(A21>n,I21),0,MIN(150,MAX(50,1%*(VS-F21))))",150
"Kalkulation","$K$21","=MAX(0,H21-J21)",17386.9454
"Kalkulation","$L$21","=IFERROR(IF(A21>n,0,IF(A21<t,H21/G21,VS)),0)",24041.8284
"Kalkulation","$A$22","6",6.0
"Kalkulation","$B$22","=IF(A22<=n,act_nGrAx(x+$A22,MAX(0,n-$A22),Sex,Tafel,Zins)+Act_Dx(x+n,Sex,Tafel,Zins)/Act_Dx(x+$A22,Sex,Tafel,Zins),0)",0.6941228960026647
"Kalkulation","$C$22","=Act_axn_k(x+$A22,MAX(0,n-$A22),Sex,Tafel,Zins,1)",17.7845687609879
"Kalkulation","$D$22","=Act_axn_k(x+$A22,MAX(0,t-$A22),Sex,Tafel,Zins,1)",12.00421375956845
"Kalkulation","$E$22","=B22-P_xt*D22+gamma2*(C22-Act_axn_k(x,n,Sex,Tafel,Zins,1)/Act_axn_k(x,t,Sex,Tafel,Zins,1)*D22)",0.21633596864084273
"Kalkulation","$F$22","=VS*E22",21633.5969
"Kalkulation","$G$22","=B22+gamma3*C22",0.7385843179051345
"Kalkulation","$H$22","=F22+alpha*t*BJB*Act_axn_k(x+A22,MAX(5-A22,0),Sex,Tafel,Zins,1)/Act_axn_k(x,5,Sex,Tafel,Zins,1)",21633.5969
"Kalkulation","$I$22","=IF(AND(x+A22>=MinAlterFlex,A22>=n-MinRLZFlex),1,0)",0.0
"Kalkulation","$J$22","=IF(OR(A22>n,I22),0,MIN(150,MAX(50,1%*(VS-F22))))",150
"Kalkulation","$K$22","=MAX(0,H22-J22)",21483.5969
"Kalkulation","$L$22","=IFERROR(IF(A22>n,0,IF(A22<t,H22/G22,VS)),0)",29290.6258
"Kalkulation","$A$23","7",7.0
"Kalkulation","$B$23","=IF(A23<=n,act_nGrAx(x+$A23,MAX(0,n-$A23),Sex,Tafel,Zins)+Act_Dx(x+n,Sex,Tafel,Zins)/Act_Dx(x+$A23,Sex,Tafel,Zins),0)",0.7049357662175477
"Kalkulation","$C$23","=Act_axn_k(x+$A23,MAX(0,n-$A23),Sex,Tafel,Zins,1)",17.15587759277976
"Kalkulation","$D$23","=Act_axn_k(x+$A23,MAX(0,t-$A23),Sex,Tafel,Zins,1)",11.247649370815745
"Kalkulation","$E$23","=B23-P_xt*D23+gamma2*(C23-Act_axn_k(x,n,Sex,Tafel,Zins,1)/Act_axn_k(x,t,Sex,Tafel,Zins,1)*D23)",0.25787653725554543
"Kalkulation","$F$23","=VS*E23",25787.6537
"Kalkulation","$G$23","=B23+gamma3*C23",0.7478254601994971
"Kalkulation","$H$23","=F23+alpha*t*BJB*Act_axn_k(x+A23,MAX(5-A23,0),Sex,Tafel,Zins,1)/Act_axn_k(x,5,Sex,Tafel,Zins,1)",25787.6537
"Kalkulation","$I$23","=IF(AND(x+A23>=MinAlterFlex,A23>=n-MinRLZFlex),1,0)",0.0
"Kalkulation","$J$23","=IF(OR(A23>n,I23),0,MIN(150,MAX(50,1%*(VS-F23))))",150
"Kalkulation","$K$23","=MAX(0,H23-J23)",25637.6537
"Kalkulation","$L$23","=IFERROR(IF(A23>n,0,IF(A23<t,H23/G23,VS)),0)",34483.5193
"Kalkulation","$A$24","8",8.0
"Kalkulation","$B$24","=IF(A24<=n,act_nGrAx(x+$A24,MAX(0,n-$A24),Sex,Tafel,Zins)+Act_Dx(x+n,Sex,Tafel,Zins)/Act_Dx(x+$A24,Sex,Tafel,Zins),0)",0.7158562538392343
"Kalkulation","$C$24","=Act_axn_k(x+$A24,MAX(0,n-$A24),Sex,Tafel,Zins,1)",16.52092924106161
"Kalkulation","$D$24","=Act_axn_k(x+$A24,MAX(0,t-$A24),Sex,Tafel,Zins,1)",10.479201093855696
"Kalkulation","$E$24","=B24-P_xt*D24+gamma2*(C24-Act_axn_k(x,n,Sex,Tafel,Zins,1)/Act_axn_k(x,t,Sex,Tafel,Zins,1)*D24)",0.30001190745438006
"Kalkulation","$F$24","=VS*E24",30001.1907
"Kalkulation","$G$24","=B24+gamma3*C24",0.7571585769418884
"Kalkulation","$H$24","=F24+alpha*t*BJB*Act_axn_k(x+A24,MAX(5-A24,0),Sex,Tafel,Zins,1)/Act_axn_k(x,5,Sex,Tafel,Zins,1)",30001.1907
"Kalkulation","$I$24","=IF(AND(x+A24>=MinAlterFlex,A24>=n-MinRLZFlex),1,0)",0.0
"Kalkulation","$J$24","=IF(OR(A24>n,I24),0,MIN(150,MAX(50,1%*(VS-F24))))",150
"Kalkulation","$K$24","=MAX(0,H24-J24)",29851.1907
"Kalkulation","$L$24","=IFERROR(IF(A24>n,0,IF(A24<t,H24/G24,VS)),0)",39623.3915
"Kalkulation","$A$25","9",9.0
"Kalkulation","$B$25","=IF(A25<=n,act_nGrAx(x+$A25,MAX(0,n-$A25),Sex,Tafel,Zins)+Act_Dx(x+n,Sex,Tafel,Zins)/Act_Dx(x+$A25,Sex,Tafel,Zins),0)",0.7268793899613282
"Kalkulation","$C$25","=Act_axn_k(x+$A25,MAX(0,n-$A25),Sex,Tafel,Zins,1)",15.880012612248448
"Kalkulation","$D$25","=Act_axn_k(x+$A25,MAX(0,t-$A25),Sex,Tafel,Zins,1)",9.69850648672706
"Kalkulation","$E$25","=B25-P_xt*D25+gamma2*(C25-Act_axn_k(x,n,Sex,Tafel,Zins,1)/Act_axn_k(x,t,Sex,Tafel,Zins,1)*D25)",0.34275256844383917
"Kalkulation","$F$25","=VS*E25",34275.2568
"Kalkulation","$G$25","=B25+gamma3*C25",0.7665794214919492
"Kalkulation","$H$25","=F25+alpha*t*BJB*Act_axn_k(x+A25,MAX(5-A25,0),Sex,Tafel,Zins,1)/Act_axn_k(x,5,Sex,Tafel,Zins,1)",34275.2568
"Kalkulation","$I$25","=IF(AND(x+A25>=MinAlterFlex,A25>=n-MinRLZFlex),1,0)",0.0
"Kalkulation","$J$25","=IF(OR(A25>n,I25),0,MIN(150,MAX(50,1%*(VS-F25))))",150
"Kalkulation","$K$25","=MAX(0,H25-J25)",34125.2568
"Kalkulation","$L$25","=IFERROR(IF(A25>n,0,IF(A25<t,H25/G25,VS)),0)",44711.9449
"Kalkulation","$A$26","10",10.0
"Kalkulation","$B$26","=IF(A26<=n,act_nGrAx(x+$A26,MAX(0,n-$A26),Sex,Tafel,Zins)+Act_Dx(x+n,Sex,Tafel,Zins)/Act_Dx(x+$A26,Sex,Tafel,Zins),0)",0.7380031706073322
"Kalkulation","$C$26","=Act_axn_k(x+$A26,MAX(0,n-$A26),Sex,Tafel,Zins,1)",15.233244223259339
"Kalkulation","$D$26","=Act_axn_k(x+$A26,MAX(0,t-$A26),Sex,Tafel,Zins,1)",8.904997404427364
"Kalkulation","$E$26","=B26-P_xt*D26+gamma2*(C26-Act_axn_k(x,n,Sex,Tafel,Zins,1)/Act_axn_k(x,t,Sex,Tafel,Zins,1)*D26)",0.38612032712713734
"Kalkulation","$F$26","=VS*E26",38612.0327
"Kalkulation","$G$26","=B26+gamma3*C26",0.7760862811654806
"Kalkulation","$H$26","=F26+alpha*t*BJB*Act_axn_k(x+A26,MAX(5-A26,0),Sex,Tafel,Zins,1)/Act_axn_k(x,5,Sex,Tafel,Zins,1)",38612.0327
"Kalkulation","$I$26","=IF(AND(x+A26>=MinAlterFlex,A26>=n-MinRLZFlex),1,0)",0.0
"Kalkulation","$J$26","=IF(OR(A26>n,I26),0,MIN(150,MAX(50,1%*(VS-F26))))",150
"Kalkulation","$K$26","=MAX(0,H26-J26)",38462.0327
"Kalkulation","$L$26","=IFERROR(IF(A26>n,0,IF(A26<t,H26/G26,VS)),0)",49752.2423
"Kalkulation","$A$27","11",11.0
"Kalkulation","$B$27","=IF(A27<=n,act_nGrAx(x+$A27,MAX(0,n-$A27),Sex,Tafel,Zins)+Act_Dx(x+n,Sex,Tafel,Zins)/Act_Dx(x+$A27,Sex,Tafel,Zins),0)",0.7492252457268609
"Kalkulation","$C$27","=Act_axn_k(x+$A27,MAX(0,n-$A27),Sex,Tafel,Zins,1)",14.58076071273807
"Kalkulation","$D$27","=Act_axn_k(x+$A27,MAX(0,t-$A27),Sex,Tafel,Zins,1)",8.098004487298601
"Kalkulation","$E$27","=B27-P_xt*D27+gamma2*(C27-Act_axn_k(x,n,Sex,Tafel,Zins,1)/Act_axn_k(x,t,Sex,Tafel,Zins,1)*D27)",0.4301408854314264
"Kalkulation","$F$27","=VS*E27",43014.0885
"Kalkulation","$G$27","=B27+gamma3*C27",0.7856771475087061
"Kalkulation","$H$27","=F27+alpha*t*BJB*Act_axn_k(x+A27,MAX(5-A27,0),Sex,Tafel,Zins,1)/Act_axn_k(x,5,Sex,Tafel,Zins,1)",43014.0885
"Kalkulation","$I$27","=IF(AND(x+A27>=MinAlterFlex,A27>=n-MinRLZFlex),1,0)",0.0
"Kalkulation","$J$27","=IF(OR(A27>n,I27),0,MIN(150,MAX(50,1%*(VS-F27))))",150
"Kalkulation","$K$27","=MAX(0,H27-J27)",42864.0885
"Kalkulation","$L$27","=IFERROR(IF(A27>n,0,IF(A27<t,H27/G27,VS)),0)",54747.7914
"Kalkulation","$A$28","12",12.0
"Kalkulation","$B$28","=IF(A28<=n,act_nGrAx(x+$A28,MAX(0,n-$A28),Sex,Tafel,Zins)+Act_Dx(x+n,Sex,Tafel,Zins)/Act_Dx(x+$A28,Sex,Tafel,Zins),0)",0.7605443620772302
"Kalkulation","$C$28","=Act_axn_k(x+$A28,MAX(0,n-$A28),Sex,Tafel,Zins,1)",13.922634947795249
"Kalkulation","$D$28","=Act_axn_k(x+$A28,MAX(0,t-$A28),Sex,Tafel,Zins,1)",7.276685557222148
"Kalkulation","$E$28","=B28-P_xt*D28+gamma2*(C28-Act_axn_k(x,n,Sex,Tafel,Zins,1)/Act_axn_k(x,t,Sex,Tafel,Zins,1)*D28)",0.4748481608726271
"Kalkulation","$F$28","=VS*E28",47484.8161
"Kalkulation","$G$28","=B28+gamma3*C28",0.7953509494467184
"Kalkulation","$H$28","=F28+alpha*t*BJB*Act_axn_k(x+A28,MAX(5-A28,0),Sex,Tafel,Zins,1)/Act_axn_k(x,5,Sex,Tafel,Zins,1)",47484.8161
"Kalkulation","$I$28","=IF(AND(x+A28>=MinAlterFlex,A28>=n-MinRLZFlex),1,0)",0.0
"Kalkulation","$J$28","=IF(OR(A28>n,I28),0,MIN(150,MAX(50,1%*(VS-F28))))",150
"Kalkulation","$K$28","=MAX(0,H28-J28)",47334.8161
"Kalkulation","$L$28","=IFERROR(IF(A28>n,0,IF(A28<t,H28/G28,VS)),0)",59702.9728
"Kalkulation","$A$29","13",13.0
"Kalkulation","$B$29","=IF(A29<=n,act_nGrAx(x+$A29,MAX(0,n-$A29),Sex,Tafel,Zins)+Act_Dx(x+n,Sex,Tafel,Zins)/Act_Dx(x+$A29,Sex,Tafel,Zins),0)",0.7719607061964255
"Kalkulation","$C$29","=Act_axn_k(x+$A29,MAX(0,n-$A29),Sex,Tafel,Zins,1)",13.258856082579262
"Kalkulation","$D$29","=Act_axn_k(x+$A29,MAX(0,t-$A29),Sex,Tafel,Zins,1)",6.439992371138744
"Kalkulation","$E$29","=B29-P_xt*D29+gamma2*(C29-Act_axn_k(x,n,Sex,Tafel,Zins,1)/Act_axn_k(x,t,Sex,Tafel,Zins,1)*D29)",0.5202859894341998
"Kalkulation","$F$29","=VS*E29",52028.5989
"Kalkulation","$G$29","=B29+gamma3*C29",0.8051078464028737
"Kalkulation","$H$29","=F29+alpha*t*BJB*Act_axn_k(x+A29,MAX(5-A29,0),Sex,Tafel,Zins,1)/Act_axn_k(x,5,Sex,Tafel,Zins,1)",52028.5989
"Kalkulation","$I$29","=IF(AND(x+A29>=MinAlterFlex,A29>=n-MinRLZFlex),1,0)",0.0
"Kalkulation","$J$29","=IF(OR(A29>n,I29),0,MIN(150,MAX(50,1%*(VS-F29))))",150
"Kalkulation","$K$29","=MAX(0,H29-J29)",51878.5989
"Kalkulation","$L$29","=IFERROR(IF(A29>n,0,IF(A29<t,H29/G29,VS)),0)",64623.1423
"Kalkulation","$A$30","14",14.0
"Kalkulation","$B$30","=IF(A30<=n,act_nGrAx(x+$A30,MAX(0,n-$A30),Sex,Tafel,Zins)+Act_Dx(x+n,Sex,Tafel,Zins)/Act_Dx(x+$A30,Sex,Tafel,Zins),0)",0.7834747382680015
"Kalkulation","$C$30","=Act_axn_k(x+$A30,MAX(0,n-$A30),Sex,Tafel,Zins,1)",12.589397360703279
"Kalkulation","$D$30","=Act_axn_k(x+$A30,MAX(0,t-$A30),Sex,Tafel,Zins,1)",5.58667343332173
"Kalkulation","$E$30","=B30-P_xt*D30+gamma2*(C30-Act_axn_k(x,n,Sex,Tafel,Zins,1)/Act_axn_k(x,t,Sex,Tafel,Zins,1)*D30)",0.5665069270440265
"Kalkulation","$F$30","=VS*E30",56650.6927
"Kalkulation","$G$30","=B30+gamma3*C30",0.8149482316697597
"Kalkulation","$H$30","=F30+alpha*t*BJB*Act_axn_k(x+A30,MAX(5-A30,0),Sex,Tafel,Zins,1)/Act_axn_k(x,5,Sex,Tafel,Zins,1)",56650.6927
"Kalkulation","$I$30","=IF(AND(x+A30>=MinAlterFlex,A30>=n-MinRLZFlex),1,0)",0.0
"Kalkulation","$J$30","=IF(OR(A30>n,I30),0,MIN(150,MAX(50,1%*(VS-F30))))",150
"Kalkulation","$K$30","=MAX(0,H30-J30)",56500.6927
"Kalkulation","$L$30","=IFERROR(IF(A30>n,0,IF(A30<t,H30/G30,VS)),0)",69514.4679
"Kalkulation","$A$31","15",15.0
"Kalkulation","$B$31","=IF(A31<=n,act_nGrAx(x+$A31,MAX(0,n-$A31),Sex,Tafel,Zins)+Act_Dx(x+n,Sex,Tafel,Zins)/Act_Dx(x+$A31,Sex,Tafel,Zins),0)",0.795096555571746
"Kalkulation","$C$31","=Act_axn_k(x+$A31,MAX(0,n-$A31),Sex,Tafel,Zins,1)",11.913671697471306
"Kalkulation","$D$31","=Act_axn_k(x+$A31,MAX(0,t-$A31),Sex,Tafel,Zins,1)",4.715009742732018
"Kalkulation","$E$31","=B31-P_xt*D31+gamma2*(C31-Act_axn_k(x,n,Sex,Tafel,Zins,1)/Act_axn_k(x,t,Sex,Tafel,Zins,1)*D31)",0.613591939553059
"Kalkulation","$F$31","=VS*E31",61359.194
"Kalkulation","$G$31","=B31+gamma3*C31",0.8248807348154242
"Kalkulation","$H$31","=F31+alpha*t*BJB*Act_axn_k(x+A31,MAX(5-A31,0),Sex,Tafel,Zins,1)/Act_axn_k(x,5,Sex,Tafel,Zins,1)",61359.194
"Kalkulation","$I$31","=IF(AND(x+A31>=MinAlterFlex,A31>=n-MinRLZFlex),1,0)",0.0
"Kalkulation","$J$31","=IF(OR(A31>n,I31),0,MIN(150,MAX(50,1%*(VS-F31))))",150
"Kalkulation","$K$31","=MAX(0,H31-J31)",61209.194
"Kalkulation","$L$31","=IFERROR(IF(A31>n,0,IF(A31<t,H31/G31,VS)),0)",74385.534
"Kalkulation","$A$32","16",16.0
"Kalkulation","$B$32","=IF(A32<=n,act_nGrAx(x+$A32,MAX(0,n-$A32),Sex,Tafel,Zins)+Act_Dx(x+n,Sex,Tafel,Zins)/Act_Dx(x+$A32,Sex,Tafel,Zins),0)",0.8068404040744293
"Kalkulation","$C$32","=Act_axn_k(x+$A32,MAX(0,n-$A32),Sex,Tafel,Zins,1)",11.230850791672268
"Kalkulation","$D$32","=Act_axn_k(x+$A32,MAX(0,t-$A32),Sex,Tafel,Zins,1)",3.8229773871518575
"Kalkulation","$E$32","=B32-P_xt*D32+gamma2*(C32-Act_axn_k(x,n,Sex,Tafel,Zins,1)/Act_axn_k(x,t,Sex,Tafel,Zins,1)*D32)",0.6616385405994291
"Kalkulation","$F$32","=VS*E32",66163.8541
"Kalkulation","$G$32","=B32+gamma3*C32",0.8349175310536099
"Kalkulation","$H$32","=F32+alpha*t*BJB*Act_axn_k(x+A32,MAX(5-A32,0),Sex,Tafel,Zins,1)/Act_axn_k(x,5,Sex,Tafel,Zins,1)",66163.8541
"Kalkulation","$I$32","=IF(AND(x+A32>=MinAlterFlex,A32>=n-MinRLZFlex),1,0)",0.0
"Kalkulation","$J$32","=IF(OR(A32>n,I32),0,MIN(150,MAX(50,1%*(VS-F32))))",150
"Kalkulation","$K$32","=MAX(0,H32-J32)",66013.8541
"Kalkulation","$L$32","=IFERROR(IF(A32>n,0,IF(A32<t,H32/G32,VS)),0)",79245.9753
"Kalkulation","$A$33","17",17.0
"Kalkulation","$B$33","=IF(A33<=n,act_nGrAx(x+$A33,MAX(0,n-$A33),Sex,Tafel,Zins)+Act_Dx(x+n,Sex,Tafel,Zins)/Act_Dx(x+$A33,Sex,Tafel,Zins),0)",0.8187231548769123
"Kalkulation","$C$33","=Act_axn_k(x+$A33,MAX(0,n-$A33),Sex,Tafel,Zins,1)",10.539953709299303
"Kalkulation","$D$33","=Act_axn_k(x+$A33,MAX(0,t-$A33),Sex,Tafel,Zins,1)",2.90826751253167
"Kalkulation","$E$33","=B33-P_xt*D33+gamma2*(C33-Act_axn_k(x,n,Sex,Tafel,Zins,1)/Act_axn_k(x,t,Sex,Tafel,Zins,1)*D33)",0.7107585469918153
"Kalkulation","$F$33","=VS*E33",71075.8547
"Kalkulation","$G$33","=B33+gamma3*C33",0.8450730391501605
"Kalkulation","$H$33","=F33+alpha*t*BJB*Act_axn_k(x+A33,MAX(5-A33,0),Sex,Tafel,Zins,1)/Act_axn_k(x,5,Sex,Tafel,Zins,1)",71075.8547
"Kalkulation","$I$33","=IF(AND(x+A33>=MinAlterFlex,A33>=n-MinRLZFlex),1,0)",0.0
"Kalkulation","$J$33","=IF(OR(A33>n,I33),0,MIN(150,MAX(50,1%*(VS-F33))))",150
"Kalkulation","$K$33","=MAX(0,H33-J33)",70925.8547
"Kalkulation","$L$33","=IFERROR(IF(A33>n,0,IF(A33<t,H33/G33,VS)),0)",84106.1676
"Kalkulation","$A$34","18",18.0
"Kalkulation","$B$34","=IF(A34<=n,act_nGrAx(x+$A34,MAX(0,n-$A34),Sex,Tafel,Zins)+Act_Dx(x+n,Sex,Tafel,Zins)/Act_Dx(x+$A34,Sex,Tafel,Zins),0)",0.830762893646463
"Kalkulation","$C$34","=Act_axn_k(x+$A34,MAX(0,n-$A34),Sex,Tafel,Zins,1)",9.839928897983867
"Kalkulation","$D$34","=Act_axn_k(x+$A34,MAX(0,t-$A34),Sex,Tafel,Zins,1)",1.9682712530712323
"Kalkulation","$E$34","=B34-P_xt*D34+gamma2*(C34-Act_axn_k(x,n,Sex,Tafel,Zins,1)/Act_axn_k(x,t,Sex,Tafel,Zins,1)*D34)",0.7610773983748185
"Kalkulation","$F$34","=VS*E34",76107.7398
"Kalkulation","$G$34","=B34+gamma3*C34",0.8553627158914228
"Kalkulation","$H$34","=F34+alpha*t*BJB*Act_axn_k(x+A34,MAX(5-A34,0),Sex,Tafel,Zins,1)/Act_axn_k(x,5,Sex,Tafel,Zins,1)",76107.7398
"Kalkulation","$I$34","=IF(AND(x+A34>=MinAlterFlex,A34>=n-MinRLZFlex),1,0)",0.0
"Kalkulation","$J$34","=IF(OR(A34>n,I34),0,MIN(150,MAX(50,1%*(VS-F34))))",150
"Kalkulation","$K$34","=MAX(0,H34-J34)",75957.7398
"Kalkulation","$L$34","=IFERROR(IF(A34>n,0,IF(A34<t,H34/G34,VS)),0)",88977.1537
"Kalkulation","$A$35","19",19.0
"Kalkulation","$B$35","=IF(A35<=n,act_nGrAx(x+$A35,MAX(0,n-$A35),Sex,Tafel,Zins)+Act_Dx(x+n,Sex,Tafel,Zins)/Act_Dx(x+$A35,Sex,Tafel,Zins),0)",0.8429798585135433
"Kalkulation","$C$35","=Act_axn_k(x+$A35,MAX(0,n-$A35),Sex,Tafel,Zins,1)",9.129599654998112
"Kalkulation","$D$35","=Act_axn_k(x+$A35,MAX(0,t-$A35),Sex,Tafel,Zins,1)",0.9999999999999972
"Kalkulation","$E$35","=B35-P_xt*D35+gamma2*(C35-Act_axn_k(x,n,Sex,Tafel,Zins,1)/Act_axn_k(x,t,Sex,Tafel,Zins,1)*D35)",0.8127383480459093
"Kalkulation","$F$35","=VS*E35",81273.8348
"Kalkulation","$G$35","=B35+gamma3*C35",0.8658038576510386
"Kalkulation","$H$35","=F35+alpha*t*BJB*Act_axn_k(x+A35,MAX(5-A35,0),Sex,Tafel,Zins,1)/Act_axn_k(x,5,Sex,Tafel,Zins,1)",81273.8348
"Kalkulation","$I$35","=IF(AND(x+A35>=MinAlterFlex,A35>=n-MinRLZFlex),1,0)",0.0
"Kalkulation","$J$35","=IF(OR(A35>n,I35),0,MIN(150,MAX(50,1%*(VS-F35))))",150
"Kalkulation","$K$35","=MAX(0,H35-J35)",81123.8348
"Kalkulation","$L$35","=IFERROR(IF(A35>n,0,IF(A35<t,H35/G35,VS)),0)",93870.9548
"Kalkulation","$A$36","20",20.0
"Kalkulation","$B$36","=IF(A36<=n,act_nGrAx(x+$A36,MAX(0,n-$A36),Sex,Tafel,Zins)+Act_Dx(x+n,Sex,Tafel,Zins)/Act_Dx(x+$A36,Sex,Tafel,Zins),0)",0.8553966621309441
"Kalkulation","$C$36","=Act_axn_k(x+$A36,MAX(0,n-$A36),Sex,Tafel,Zins,1)",8.407651216100595
"Kalkulation","$D$36","=Act_axn_k(x+$A36,MAX(0,t-$A36),Sex,Tafel,Zins,1)",0.0
"Kalkulation","$E$36","=B36-P_xt*D36+gamma2*(C36-Act_axn_k(x,n,Sex,Tafel,Zins,1)/Act_axn_k(x,t,Sex,Tafel,Zins,1)*D36)",0.8659062261510698
"Kalkulation","$F$36","=VS*E36",86590.6226
"Kalkulation","$G$36","=B36+gamma3*C36",0.8764157901711956
"Kalkulation","$H$36","=F36+alpha*t*BJB*Act_axn_k(x+A36,MAX(5-A36,0),Sex,Tafel,Zins,1)/Act_axn_k(x,5,Sex,Tafel,Zins,1)",86590.6226
"Kalkulation","$I$36","=IF(AND(x+A36>=MinAlterFlex,A36>=n-MinRLZFlex),1,0)",0.0
"Kalkulation","$J$36","=IF(OR(A36>n,I36),0,MIN(150,MAX(50,1%*(VS-F36))))",134.0938
"Kalkulation","$K$36","=MAX(0,H36-J36)",86456.5288
"Kalkulation","$L$36","=IFERROR(IF(A36>n,0,IF(A36<t,H36/G36,VS)),0)",100000
"Kalkulation","$A$37","21",21.0
"Kalkulation","$B$37","=IF(A37<=n,act_nGrAx(x+$A37,MAX(0,n-$A37),Sex,Tafel,Zins)+Act_Dx(x+n,Sex,Tafel,Zins)/Act_Dx(x+$A37,Sex,Tafel,Zins),0)",0.8680403142570174
"Kalkulation","$C$37","=Act_axn_k(x+$A37,MAX(0,n-$A37),Sex,Tafel,Zins,1)",7.672513156770438
"Kalkulation","$D$37","=Act_axn_k(x+$A37,MAX(0,t-$A37),Sex,Tafel,Zins,1)",0.0
"Kalkulation","$E$37","=B37-P_xt*D37+gamma2*(C37-Act_axn_k(x,n,Sex,Tafel,Zins,1)/Act_axn_k(x,t,Sex,Tafel,Zins,1)*D37)",0.8776309557029804
"Kalkulation","$F$37","=VS*E37",87763.0956
"Kalkulation","$G$37","=B37+gamma3*C37",0.8872215971489436
"Kalkulation","$H$37","=F37+alpha*t*BJB*Act_axn_k(x+A37,MAX(5-A37,0),Sex,Tafel,Zins,1)/Act_axn_k(x,5,Sex,Tafel,Zins,1)",87763.0956
"Kalkulation","$I$37","=IF(AND(x+A37>=MinAlterFlex,A37>=n-MinRLZFlex),1,0)",0.0
"Kalkulation","$J$37","=IF(OR(A37>n,I37),0,MIN(150,MAX(50,1%*(VS-F37))))",122.369
"Kalkulation","$K$37","=MAX(0,H37-J37)",87640.7265
"Kalkulation","$L$37","=IFERROR(IF(A37>n,0,IF(A37<t,H37/G37,VS)),0)",100000
"Kalkulation","$A$38","22",22.0
"Kalkulation","$B$38","=IF(A38<=n,act_nGrAx(x+$A38,MAX(0,n-$A38),Sex,Tafel,Zins)+Act_Dx(x+n,Sex,Tafel,Zins)/Act_Dx(x+$A38,Sex,Tafel,Zins),0)",0.8809423750317524
"Kalkulation","$C$38","=Act_axn_k(x+$A38,MAX(0,n-$A38),Sex,Tafel,Zins,1)",6.9223504802966715
"Kalkulation","$D$38","=Act_axn_k(x+$A38,MAX(0,t-$A38),Sex,Tafel,Zins,1)",0.0
"Kalkulation","$E$38","=B38-P_xt*D38+gamma2*(C38-Act_axn_k(x,n,Sex,Tafel,Zins,1)/Act_axn_k(x,t,Sex,Tafel,Zins,1)*D38)",0.8895953131321233
"Kalkulation","$F$38","=VS*E38",88959.5313
"Kalkulation","$G$38","=B38+gamma3*C38",0.8982482512324941
"Kalkulation","$H$38","=F38+alpha*t*BJB*Act_axn_k(x+A38,MAX(5-A38,0),Sex,Tafel,Zins,1)/Act_axn_k(x,5,Sex,Tafel,Zins,1)",88959.5313
"Kalkulation","$I$38","=IF(AND(x+A38>=MinAlterFlex,A38>=n-MinRLZFlex),1,0)",0.0
"Kalkulation","$J$38","=IF(OR(A38>n,I38),0,MIN(150,MAX(50,1%*(VS-F38))))",110.4047
"Kalkulation","$K$38","=MAX(0,H38-J38)",88849.1266
"Kalkulation","$L$38","=IFERROR(IF(A38>n,0,IF(A38<t,H38/G38,VS)),0)",100000
"Kalkulation","$A$39","23",23.0
"Kalkulation","$B$39","=IF(A39<=n,act_nGrAx(x+$A39,MAX(0,n-$A39),Sex,Tafel,Zins)+Act_Dx(x+n,Sex,Tafel,Zins)/Act_Dx(x+$A39,Sex,Tafel,Zins),0)",0.894140474375828
"Kalkulation","$C$39","=Act_axn_k(x+$A39,MAX(0,n-$A39),Sex,Tafel,Zins,1)",6.154975275576831
"Kalkulation","$D$39","=Act_axn_k(x+$A39,MAX(0,t-$A39),Sex,Tafel,Zins,1)",0.0
"Kalkulation","$E$39","=B39-P_xt*D39+gamma2*(C39-Act_axn_k(x,n,Sex,Tafel,Zins,1)/Act_axn_k(x,t,Sex,Tafel,Zins,1)*D39)",0.901834193470299
"Kalkulation","$F$39","=VS*E39",90183.4193
"Kalkulation","$G$39","=B39+gamma3*C39",0.9095279125647701
"Kalkulation","$H$39","=F39+alpha*t*BJB*Act_axn_k(x+A39,MAX(5-A39,0),Sex,Tafel,Zins,1)/Act_axn_k(x,5,Sex,Tafel,Zins,1)",90183.4193
"Kalkulation","$I$39","=IF(AND(x+A39>=MinAlterFlex,A39>=n-MinRLZFlex),1,0)",0.0
"Kalkulation","$J$39","=IF(OR(A39>n,I39),0,MIN(150,MAX(50,1%*(VS-F39))))",98.1658
"Kalkulation","$K$39","=MAX(0,H39-J39)",90085.2535
"Kalkulation","$L$39","=IFERROR(IF(A39>n,0,IF(A39<t,H39/G39,VS)),0)",100000
"Kalkulation","$A$40","24",24.0
"Kalkulation","$B$40","=IF(A40<=n,act_nGrAx(x+$A40,MAX(0,n-$A40),Sex,Tafel,Zins)+Act_Dx(x+n,Sex,Tafel,Zins)/Act_Dx(x+$A40,Sex,Tafel,Zins),0)",0.9076799898864822
"Kalkulation","$C$40","=Act_axn_k(x+$A40,MAX(0,n-$A40),Sex,Tafel,Zins,1)",5.367749159457335
"Kalkulation","$D$40","=Act_axn_k(x+$A40,MAX(0,t-$A40),Sex,Tafel,Zins,1)",0.0
"Kalkulation","$E$40","=B40-P_xt*D40+gamma2*(C40-Act_axn_k(x,n,Sex,Tafel,Zins,1)/Act_axn_k(x,t,Sex,Tafel,Zins,1)*D40)",0.9143896763358039
"Kalkulation","$F$40","=VS*E40",91438.9676
"Kalkulation","$G$40","=B40+gamma3*C40",0.9210993627851256
"Kalkulation","$H$40","=F40+alpha*t*BJB*Act_axn_k(x+A40,MAX(5-A40,0),Sex,Tafel,Zins,1)/Act_axn_k(x,5,Sex,Tafel,Zins,1)",91438.9676
"Kalkulation","$I$40","=IF(AND(x+A40>=MinAlterFlex,A40>=n-MinRLZFlex),1,0)",0.0
"Kalkulation","$J$40","=IF(OR(A40>n,I40),0,MIN(150,MAX(50,1%*(VS-F40))))",85.6103
"Kalkulation","$K$40","=MAX(0,H40-J40)",91353.3573
"Kalkulation","$L$40","=IFERROR(IF(A40>n,0,IF(A40<t,H40/G40,VS)),0)",100000
"Kalkulation","$A$41","25",25.0
"Kalkulation","$B$41","=IF(A41<=n,act_nGrAx(x+$A41,MAX(0,n-$A41),Sex,Tafel,Zins)+Act_Dx(x+n,Sex,Tafel,Zins)/Act_Dx(x+$A41,Sex,Tafel,Zins),0)",0.9216159182042138
"Kalkulation","$C$41","=Act_axn_k(x+$A41,MAX(0,n-$A41),Sex,Tafel,Zins,1)",4.557474470126218
"Kalkulation","$D$41","=Act_axn_k(x+$A41,MAX(0,t-$A41),Sex,Tafel,Zins,1)",0.0
"Kalkulation","$E$41","=B41-P_xt*D41+gamma2*(C41-Act_axn_k(x,n,Sex,Tafel,Zins,1)/Act_axn_k(x,t,Sex,Tafel,Zins,1)*D41)",0.9273127612918716
"Kalkulation","$F$41","=VS*E41",92731.2761
"Kalkulation","$G$41","=B41+gamma3*C41",0.9330096043795294
"Kalkulation","$H$41","=F41+alpha*t*BJB*Act_axn_k(x+A41,MAX(5-A41,0),Sex,Tafel,Zins,1)/Act_axn_k(x,5,Sex,Tafel,Zins,1)",92731.2761
"Kalkulation","$I$41","=IF(AND(x+A41>=MinAlterFlex,A41>=n-MinRLZFlex),1,0)",1.0
"Kalkulation","$J$41","=IF(OR(A41>n,I41),0,MIN(150,MAX(50,1%*(VS-F41))))",0
"Kalkulation","$K$41","=MAX(0,H41-J41)",92731.2761
"Kalkulation","$L$41","=IFERROR(IF(A41>n,0,IF(A41<t,H41/G41,VS)),0)",100000
"Kalkulation","$A$42","26",26.0
"Kalkulation","$B$42","=IF(A42<=n,act_nGrAx(x+$A42,MAX(0,n-$A42),Sex,Tafel,Zins)+Act_Dx(x+n,Sex,Tafel,Zins)/Act_Dx(x+$A42,Sex,Tafel,Zins),0)",0.936011845465061
"Kalkulation","$C$42","=Act_axn_k(x+$A42,MAX(0,n-$A42),Sex,Tafel,Zins,1)",3.7204541279596572
"Kalkulation","$D$42","=Act_axn_k(x+$A42,MAX(0,t-$A42),Sex,Tafel,Zins,1)",0.0
"Kalkulation","$E$42","=B42-P_xt*D42+gamma2*(C42-Act_axn_k(x,n,Sex,Tafel,Zins,1)/Act_axn_k(x,t,Sex,Tafel,Zins,1)*D42)",0.9406624131250105
"Kalkulation","$F$42","=VS*E42",94066.2413
"Kalkulation","$G$42","=B42+gamma3*C42",0.9453129807849602
"Kalkulation","$H$42","=F42+alpha*t*BJB*Act_axn_k(x+A42,MAX(5-A42,0),Sex,Tafel,Zins,1)/Act_axn_k(x,5,Sex,Tafel,Zins,1)",94066.2413
"Kalkulation","$I$42","=IF(AND(x+A42>=MinAlterFlex,A42>=n-MinRLZFlex),1,0)",1.0
"Kalkulation","$J$42","=IF(OR(A42>n,I42),0,MIN(150,MAX(50,1%*(VS-F42))))",0
"Kalkulation","$K$42","=MAX(0,H42-J42)",94066.2413
"Kalkulation","$L$42","=IFERROR(IF(A42>n,0,IF(A42<t,H42/G42,VS)),0)",100000
"Kalkulation","$A$43","27",27.0
"Kalkulation","$B$43","=IF(A43<=n,act_nGrAx(x+$A43,MAX(0,n-$A43),Sex,Tafel,Zins)+Act_Dx(x+n,Sex,Tafel,Zins)/Act_Dx(x+$A43,Sex,Tafel,Zins),0)",0.9509422995984339
"Kalkulation","$C$43","=Act_axn_k(x+$A43,MAX(0,n-$A43),Sex,Tafel,Zins,1)",2.8523548662050255
"Kalkulation","$D$43","=Act_axn_k(x+$A43,MAX(0,t-$A43),Sex,Tafel,Zins,1)",0.0
"Kalkulation","$E$43","=B43-P_xt*D43+gamma2*(C43-Act_axn_k(x,n,Sex,Tafel,Zins,1)/Act_axn_k(x,t,Sex,Tafel,Zins,1)*D43)",0.9545077431811901
"Kalkulation","$F$43","=VS*E43",95450.7743
"Kalkulation","$G$43","=B43+gamma3*C43",0.9580731867639465
"Kalkulation","$H$43","=F43+alpha*t*BJB*Act_axn_k(x+A43,MAX(5-A43,0),Sex,Tafel,Zins,1)/Act_axn_k(x,5,Sex,Tafel,Zins,1)",95450.7743
"Kalkulation","$I$43","=IF(AND(x+A43>=MinAlterFlex,A43>=n-MinRLZFlex),1,0)",1.0
"Kalkulation","$J$43","=IF(OR(A43>n,I43),0,MIN(150,MAX(50,1%*(VS-F43))))",0
"Kalkulation","$K$43","=MAX(0,H43-J43)",95450.7743
"Kalkulation","$L$43","=IFERROR(IF(A43>n,0,IF(A43<t,H43/G43,VS)),0)",100000
"Kalkulation","$A$44","28",28.0
"Kalkulation","$B$44","=IF(A44<=n,act_nGrAx(x+$A44,MAX(0,n-$A44),Sex,Tafel,Zins)+Act_Dx(x+n,Sex,Tafel,Zins)/Act_Dx(x+$A44,Sex,Tafel,Zins),0)",0.9665000670091556
"Kalkulation","$C$44","=Act_axn_k(x+$A44,MAX(0,n-$A44),Sex,Tafel,Zins,1)",1.9477818181817932
"Kalkulation","$D$44","=Act_axn_k(x+$A44,MAX(0,t-$A44),Sex,Tafel,Zins,1)",0.0
"Kalkulation","$E$44","=B44-P_xt*D44+gamma2*(C44-Act_axn_k(x,n,Sex,Tafel,Zins,1)/Act_axn_k(x,t,Sex,Tafel,Zins,1)*D44)",0.9689347942818828
"Kalkulation","$F$44","=VS*E44",96893.4794
"Kalkulation","$G$44","=B44+gamma3*C44",0.9713695215546101
"Kalkulation","$H$44","=F44+alpha*t*BJB*Act_axn_k(x+A44,MAX(5-A44,0),Sex,Tafel,Zins,1)/Act_axn_k(x,5,Sex,Tafel,Zins,1)",96893.4794
"Kalkulation","$I$44","=IF(AND(x+A44>=MinAlterFlex,A44>=n-MinRLZFlex),1,0)",1.0
"Kalkulation","$J$44","=IF(OR(A44>n,I44),0,MIN(150,MAX(50,1%*(VS-F44))))",0
"Kalkulation","$K$44","=MAX(0,H44-J44)",96893.4794
"Kalkulation","$L$44","=IFERROR(IF(A44>n,0,IF(A44<t,H44/G44,VS)),0)",100000
"Kalkulation","$A$45","29",29.0
"Kalkulation","$B$45","=IF(A45<=n,act_nGrAx(x+$A45,MAX(0,n-$A45),Sex,Tafel,Zins)+Act_Dx(x+n,Sex,Tafel,Zins)/Act_Dx(x+$A45,Sex,Tafel,Zins),0)",0.9828009828009829
"Kalkulation","$C$45","=Act_axn_k(x+$A45,MAX(0,n-$A45),Sex,Tafel,Zins,1)",0.9999999999999992
"Kalkulation","$D$45","=Act_axn_k(x+$A45,MAX(0,t-$A45),Sex,Tafel,Zins,1)",0.0
"Kalkulation","$E$45","=B45-P_xt*D45+gamma2*(C45-Act_axn_k(x,n,Sex,Tafel,Zins,1)/Act_axn_k(x,t,Sex,Tafel,Zins,1)*D45)",0.9840509828009829
"Kalkulation","$F$45","=VS*E45",98405.0983
"Kalkulation","$G$45","=B45+gamma3*C45",0.9853009828009829
"Kalkulation","$H$45","=F45+alpha*t*BJB*Act_axn_k(x+A45,MAX(5-A45,0),Sex,Tafel,Zins,1)/Act_axn_k(x,5,Sex,Tafel,Zins,1)",98405.0983
"Kalkulation","$I$45","=IF(AND(x+A45>=MinAlterFlex,A45>=n-MinRLZFlex),1,0)",1.0
"Kalkulation","$J$45","=IF(OR(A45>n,I45),0,MIN(150,MAX(50,1%*(VS-F45))))",0
"Kalkulation","$K$45","=MAX(0,H45-J45)",98405.0983
"Kalkulation","$L$45","=IFERROR(IF(A45>n,0,IF(A45<t,H45/G45,VS)),0)",100000
"Kalkulation","$A$46","30",30.0
"Kalkulation","$B$46","=IF(A46<=n,act_nGrAx(x+$A46,MAX(0,n-$A46),Sex,Tafel,Zins)+Act_Dx(x+n,Sex,Tafel,Zins)/Act_Dx(x+$A46,Sex,Tafel,Zins),0)",1.0
"Kalkulation","$C$46","=Act_axn_k(x+$A46,MAX(0,n-$A46),Sex,Tafel,Zins,1)",0.0
"Kalkulation","$D$46","=Act_axn_k(x+$A46,MAX(0,t-$A46),Sex,Tafel,Zins,1)",0.0
"Kalkulation","$E$46","=B46-P_xt*D46+gamma2*(C46-Act_axn_k(x,n,Sex,Tafel,Zins,1)/Act_axn_k(x,t,Sex,Tafel,Zins,1)*D46)",1.0
"Kalkulation","$F$46","=VS*E46",100000
"Kalkulation","$G$46","=B46+gamma3*C46",1.0
"Kalkulation","$H$46","=F46+alpha*t*BJB*Act_axn_k(x+A46,MAX(5-A46,0),Sex,Tafel,Zins,1)/Act_axn_k(x,5,Sex,Tafel,Zins,1)",100000
"Kalkulation","$I$46","=IF(AND(x+A46>=MinAlterFlex,A46>=n-MinRLZFlex),1,0)",1.0
"Kalkulation","$J$46","=IF(OR(A46>n,I46),0,MIN(150,MAX(50,1%*(VS-F46))))",0
"Kalkulation","$K$46","=MAX(0,H46-J46)",100000
"Kalkulation","$L$46","=IFERROR(IF(A46>n,0,IF(A46<t,H46/G46,VS)),0)",100000
"Kalkulation","$A$47","31",31.0
"Kalkulation","$B$47","=IF(A47<=n,act_nGrAx(x+$A47,MAX(0,n-$A47),Sex,Tafel,Zins)+Act_Dx(x+n,Sex,Tafel,Zins)/Act_Dx(x+$A47,Sex,Tafel,Zins),0)",0.0
"Kalkulation","$C$47","=Act_axn_k(x+$A47,MAX(0,n-$A47),Sex,Tafel,Zins,1)",0.0
"Kalkulation","$D$47","=Act_axn_k(x+$A47,MAX(0,t-$A47),Sex,Tafel,Zins,1)",0.0
"Kalkulation","$E$47","=B47-P_xt*D47+gamma2*(C47-Act_axn_k(x,n,Sex,Tafel,Zins,1)/Act_axn_k(x,t,Sex,Tafel,Zins,1)*D47)",0.0
"Kalkulation","$F$47","=VS*E47",0
"Kalkulation","$G$47","=B47+gamma3*C47",0.0
"Kalkulation","$H$47","=F47+alpha*t*BJB*Act_axn_k(x+A47,MAX(5-A47,0),Sex,Tafel,Zins,1)/Act_axn_k(x,5,Sex,Tafel,Zins,1)",0
"Kalkulation","$I$47","=IF(AND(x+A47>=MinAlterFlex,A47>=n-MinRLZFlex),1,0)",1.0
"Kalkulation","$J$47","=IF(OR(A47>n,I47),0,MIN(150,MAX(50,1%*(VS-F47))))",0
"Kalkulation","$K$47","=MAX(0,H47-J47)",0
"Kalkulation","$L$47","=IFERROR(IF(A47>n,0,IF(A47<t,H47/G47,VS)),0)",0
"Kalkulation","$A$48","32",32.0
"Kalkulation","$B$48","=IF(A48<=n,act_nGrAx(x+$A48,MAX(0,n-$A48),Sex,Tafel,Zins)+Act_Dx(x+n,Sex,Tafel,Zins)/Act_Dx(x+$A48,Sex,Tafel,Zins),0)",0.0
"Kalkulation","$C$48","=Act_axn_k(x+$A48,MAX(0,n-$A48),Sex,Tafel,Zins,1)",0.0
"Kalkulation","$D$48","=Act_axn_k(x+$A48,MAX(0,t-$A48),Sex,Tafel,Zins,1)",0.0
"Kalkulation","$E$48","=B48-P_xt*D48+gamma2*(C48-Act_axn_k(x,n,Sex,Tafel,Zins,1)/Act_axn_k(x,t,Sex,Tafel,Zins,1)*D48)",0.0
"Kalkulation","$F$48","=VS*E48",0
"Kalkulation","$G$48","=B48+gamma3*C48",0.0
"Kalkulation","$H$48","=F48+alpha*t*BJB*Act_axn_k(x+A48,MAX(5-A48,0),Sex,Tafel,Zins,1)/Act_axn_k(x,5,Sex,Tafel,Zins,1)",0
"Kalkulation","$I$48","=IF(AND(x+A48>=MinAlterFlex,A48>=n-MinRLZFlex),1,0)",1.0
"Kalkulation","$J$48","=IF(OR(A48>n,I48),0,MIN(150,MAX(50,1%*(VS-F48))))",0
"Kalkulation","$K$48","=MAX(0,H48-J48)",0
"Kalkulation","$L$48","=IFERROR(IF(A48>n,0,IF(A48<t,H48/G48,VS)),0)",0
"Kalkulation","$A$49","33",33.0
"Kalkulation","$B$49","=IF(A49<=n,act_nGrAx(x+$A49,MAX(0,n-$A49),Sex,Tafel,Zins)+Act_Dx(x+n,Sex,Tafel,Zins)/Act_Dx(x+$A49,Sex,Tafel,Zins),0)",0.0
"Kalkulation","$C$49","=Act_axn_k(x+$A49,MAX(0,n-$A49),Sex,Tafel,Zins,1)",0.0
"Kalkulation","$D$49","=Act_axn_k(x+$A49,MAX(0,t-$A49),Sex,Tafel,Zins,1)",0.0
"Kalkulation","$E$49","=B49-P_xt*D49+gamma2*(C49-Act_axn_k(x,n,Sex,Tafel,Zins,1)/Act_axn_k(x,t,Sex,Tafel,Zins,1)*D49)",0.0
"Kalkulation","$F$49","=VS*E49",0
"Kalkulation","$G$49","=B49+gamma3*C49",0.0
"Kalkulation","$H$49","=F49+alpha*t*BJB*Act_axn_k(x+A49,MAX(5-A49,0),Sex,Tafel,Zins,1)/Act_axn_k(x,5,Sex,Tafel,Zins,1)",0
"Kalkulation","$I$49","=IF(AND(x+A49>=MinAlterFlex,A49>=n-MinRLZFlex),1,0)",1.0
"Kalkulation","$J$49","=IF(OR(A49>n,I49),0,MIN(150,MAX(50,1%*(VS-F49))))",0
"Kalkulation","$K$49","=MAX(0,H49-J49)",0
"Kalkulation","$L$49","=IFERROR(IF(A49>n,0,IF(A49<t,H49/G49,VS)),0)",0
"Kalkulation","$A$50","34",34.0
"Kalkulation","$B$50","=IF(A50<=n,act_nGrAx(x+$A50,MAX(0,n-$A50),Sex,Tafel,Zins)+Act_Dx(x+n,Sex,Tafel,Zins)/Act_Dx(x+$A50,Sex,Tafel,Zins),0)",0.0
"Kalkulation","$C$50","=Act_axn_k(x+$A50,MAX(0,n-$A50),Sex,Tafel,Zins,1)",0.0
"Kalkulation","$D$50","=Act_axn_k(x+$A50,MAX(0,t-$A50),Sex,Tafel,Zins,1)",0.0
"Kalkulation","$E$50","=B50-P_xt*D50+gamma2*(C50-Act_axn_k(x,n,Sex,Tafel,Zins,1)/Act_axn_k(x,t,Sex,Tafel,Zins,1)*D50)",0.0
"Kalkulation","$F$50","=VS*E50",0
"Kalkulation","$G$50","=B50+gamma3*C50",0.0
"Kalkulation","$H$50","=F50+alpha*t*BJB*Act_axn_k(x+A50,MAX(5-A50,0),Sex,Tafel,Zins,1)/Act_axn_k(x,5,Sex,Tafel,Zins,1)",0
"Kalkulation","$I$50","=IF(AND(x+A50>=MinAlterFlex,A50>=n-MinRLZFlex),1,0)",1.0
"Kalkulation","$J$50","=IF(OR(A50>n,I50),0,MIN(150,MAX(50,1%*(VS-F50))))",0
"Kalkulation","$K$50","=MAX(0,H50-J50)",0
"Kalkulation","$L$50","=IFERROR(IF(A50>n,0,IF(A50<t,H50/G50,VS)),0)",0
"Kalkulation","$A$51","35",35.0
"Kalkulation","$B$51","=IF(A51<=n,act_nGrAx(x+$A51,MAX(0,n-$A51),Sex,Tafel,Zins)+Act_Dx(x+n,Sex,Tafel,Zins)/Act_Dx(x+$A51,Sex,Tafel,Zins),0)",0.0
"Kalkulation","$C$51","=Act_axn_k(x+$A51,MAX(0,n-$A51),Sex,Tafel,Zins,1)",0.0
"Kalkulation","$D$51","=Act_axn_k(x+$A51,MAX(0,t-$A51),Sex,Tafel,Zins,1)",0.0
"Kalkulation","$E$51","=B51-P_xt*D51+gamma2*(C51-Act_axn_k(x,n,Sex,Tafel,Zins,1)/Act_axn_k(x,t,Sex,Tafel,Zins,1)*D51)",0.0
"Kalkulation","$F$51","=VS*E51",0
"Kalkulation","$G$51","=B51+gamma3*C51",0.0
"Kalkulation","$H$51","=F51+alpha*t*BJB*Act_axn_k(x+A51,MAX(5-A51,0),Sex,Tafel,Zins,1)/Act_axn_k(x,5,Sex,Tafel,Zins,1)",0
"Kalkulation","$I$51","=IF(AND(x+A51>=MinAlterFlex,A51>=n-MinRLZFlex),1,0)",1.0
"Kalkulation","$J$51","=IF(OR(A51>n,I51),0,MIN(150,MAX(50,1%*(VS-F51))))",0
"Kalkulation","$K$51","=MAX(0,H51-J51)",0
"Kalkulation","$L$51","=IFERROR(IF(A51>n,0,IF(A51<t,H51/G51,VS)),0)",0
"Kalkulation","$A$52","36",36.0
"Kalkulation","$B$52","=IF(A52<=n,act_nGrAx(x+$A52,MAX(0,n-$A52),Sex,Tafel,Zins)+Act_Dx(x+n,Sex,Tafel,Zins)/Act_Dx(x+$A52,Sex,Tafel,Zins),0)",0.0
"Kalkulation","$C$52","=Act_axn_k(x+$A52,MAX(0,n-$A52),Sex,Tafel,Zins,1)",0.0
"Kalkulation","$D$52","=Act_axn_k(x+$A52,MAX(0,t-$A52),Sex,Tafel,Zins,1)",0.0
"Kalkulation","$E$52","=B52-P_xt*D52+gamma2*(C52-Act_axn_k(x,n,Sex,Tafel,Zins,1)/Act_axn_k(x,t,Sex,Tafel,Zins,1)*D52)",0.0
"Kalkulation","$F$52","=VS*E52",0
"Kalkulation","$G$52","=B52+gamma3*C52",0.0
"Kalkulation","$H$52","=F52+alpha*t*BJB*Act_axn_k(x+A52,MAX(5-A52,0),Sex,Tafel,Zins,1)/Act_axn_k(x,5,Sex,Tafel,Zins,1)",0
"Kalkulation","$I$52","=IF(AND(x+A52>=MinAlterFlex,A52>=n-MinRLZFlex),1,0)",1.0
"Kalkulation","$J$52","=IF(OR(A52>n,I52),0,MIN(150,MAX(50,1%*(VS-F52))))",0
"Kalkulation","$K$52","=MAX(0,H52-J52)",0
"Kalkulation","$L$52","=IFERROR(IF(A52>n,0,IF(A52<t,H52/G52,VS)),0)",0
"Kalkulation","$A$53","37",37.0
"Kalkulation","$B$53","=IF(A53<=n,act_nGrAx(x+$A53,MAX(0,n-$A53),Sex,Tafel,Zins)+Act_Dx(x+n,Sex,Tafel,Zins)/Act_Dx(x+$A53,Sex,Tafel,Zins),0)",0.0
"Kalkulation","$C$53","=Act_axn_k(x+$A53,MAX(0,n-$A53),Sex,Tafel,Zins,1)",0.0
"Kalkulation","$D$53","=Act_axn_k(x+$A53,MAX(0,t-$A53),Sex,Tafel,Zins,1)",0.0
"Kalkulation","$E$53","=B53-P_xt*D53+gamma2*(C53-Act_axn_k(x,n,Sex,Tafel,Zins,1)/Act_axn_k(x,t,Sex,Tafel,Zins,1)*D53)",0.0
"Kalkulation","$F$53","=VS*E53",0
"Kalkulation","$G$53","=B53+gamma3*C53",0.0
"Kalkulation","$H$53","=F53+alpha*t*BJB*Act_axn_k(x+A53,MAX(5-A53,0),Sex,Tafel,Zins,1)/Act_axn_k(x,5,Sex,Tafel,Zins,1)",0
"Kalkulation","$I$53","=IF(AND(x+A53>=MinAlterFlex,A53>=n-MinRLZFlex),1,0)",1.0
"Kalkulation","$J$53","=IF(OR(A53>n,I53),0,MIN(150,MAX(50,1%*(VS-F53))))",0
"Kalkulation","$K$53","=MAX(0,H53-J53)",0
"Kalkulation","$L$53","=IFERROR(IF(A53>n,0,IF(A53<t,H53/G53,VS)),0)",0
"Kalkulation","$A$54","38",38.0
"Kalkulation","$B$54","=IF(A54<=n,act_nGrAx(x+$A54,MAX(0,n-$A54),Sex,Tafel,Zins)+Act_Dx(x+n,Sex,Tafel,Zins)/Act_Dx(x+$A54,Sex,Tafel,Zins),0)",0.0
"Kalkulation","$C$54","=Act_axn_k(x+$A54,MAX(0,n-$A54),Sex,Tafel,Zins,1)",0.0
"Kalkulation","$D$54","=Act_axn_k(x+$A54,MAX(0,t-$A54),Sex,Tafel,Zins,1)",0.0
"Kalkulation","$E$54","=B54-P_xt*D54+gamma2*(C54-Act_axn_k(x,n,Sex,Tafel,Zins,1)/Act_axn_k(x,t,Sex,Tafel,Zins,1)*D54)",0.0
"Kalkulation","$F$54","=VS*E54",0
"Kalkulation","$G$54","=B54+gamma3*C54",0.0
"Kalkulation","$H$54","=F54+alpha*t*BJB*Act_axn_k(x+A54,MAX(5-A54,0),Sex,Tafel,Zins,1)/Act_axn_k(x,5,Sex,Tafel,Zins,1)",0
"Kalkulation","$I$54","=IF(AND(x+A54>=MinAlterFlex,A54>=n-MinRLZFlex),1,0)",1.0
"Kalkulation","$J$54","=IF(OR(A54>n,I54),0,MIN(150,MAX(50,1%*(VS-F54))))",0
"Kalkulation","$K$54","=MAX(0,H54-J54)",0
"Kalkulation","$L$54","=IFERROR(IF(A54>n,0,IF(A54<t,H54/G54,VS)),0)",0
"Kalkulation","$A$55","39",39.0
"Kalkulation","$B$55","=IF(A55<=n,act_nGrAx(x+$A55,MAX(0,n-$A55),Sex,Tafel,Zins)+Act_Dx(x+n,Sex,Tafel,Zins)/Act_Dx(x+$A55,Sex,Tafel,Zins),0)",0.0
"Kalkulation","$C$55","=Act_axn_k(x+$A55,MAX(0,n-$A55),Sex,Tafel,Zins,1)",0.0
"Kalkulation","$D$55","=Act_axn_k(x+$A55,MAX(0,t-$A55),Sex,Tafel,Zins,1)",0.0
"Kalkulation","$E$55","=B55-P_xt*D55+gamma2*(C55-Act_axn_k(x,n,Sex,Tafel,Zins,1)/Act_axn_k(x,t,Sex,Tafel,Zins,1)*D55)",0.0
"Kalkulation","$F$55","=VS*E55",0
"Kalkulation","$G$55","=B55+gamma3*C55",0.0
"Kalkulation","$H$55","=F55+alpha*t*BJB*Act_axn_k(x+A55,MAX(5-A55,0),Sex,Tafel,Zins,1)/Act_axn_k(x,5,Sex,Tafel,Zins,1)",0
"Kalkulation","$I$55","=IF(AND(x+A55>=MinAlterFlex,A55>=n-MinRLZFlex),1,0)",1.0
"Kalkulation","$J$55","=IF(OR(A55>n,I55),0,MIN(150,MAX(50,1%*(VS-F55))))",0
"Kalkulation","$K$55","=MAX(0,H55-J55)",0
"Kalkulation","$L$55","=IFERROR(IF(A55>n,0,IF(A55<t,H55/G55,VS)),0)",0
"Kalkulation","$A$56","40",40.0
"Kalkulation","$B$56","=IF(A56<=n,act_nGrAx(x+$A56,MAX(0,n-$A56),Sex,Tafel,Zins)+Act_Dx(x+n,Sex,Tafel,Zins)/Act_Dx(x+$A56,Sex,Tafel,Zins),0)",0.0
"Kalkulation","$C$56","=Act_axn_k(x+$A56,MAX(0,n-$A56),Sex,Tafel,Zins,1)",0.0
"Kalkulation","$D$56","=Act_axn_k(x+$A56,MAX(0,t-$A56),Sex,Tafel,Zins,1)",0.0
"Kalkulation","$E$56","=B56-P_xt*D56+gamma2*(C56-Act_axn_k(x,n,Sex,Tafel,Zins,1)/Act_axn_k(x,t,Sex,Tafel,Zins,1)*D56)",0.0
"Kalkulation","$F$56","=VS*E56",0
"Kalkulation","$G$56","=B56+gamma3*C56",0.0
"Kalkulation","$H$56","=F56+alpha*t*BJB*Act_axn_k(x+A56,MAX(5-A56,0),Sex,Tafel,Zins,1)/Act_axn_k(x,5,Sex,Tafel,Zins,1)",0
"Kalkulation","$I$56","=IF(AND(x+A56>=MinAlterFlex,A56>=n-MinRLZFlex),1,0)",1.0
"Kalkulation","$J$56","=IF(OR(A56>n,I56),0,MIN(150,MAX(50,1%*(VS-F56))))",0
"Kalkulation","$K$56","=MAX(0,H56-J56)",0
"Kalkulation","$L$56","=IFERROR(IF(A56>n,0,IF(A56<t,H56/G56,VS)),0)",0
"Kalkulation","$A$57","41",41.0
"Kalkulation","$B$57","=IF(A57<=n,act_nGrAx(x+$A57,MAX(0,n-$A57),Sex,Tafel,Zins)+Act_Dx(x+n,Sex,Tafel,Zins)/Act_Dx(x+$A57,Sex,Tafel,Zins),0)",0.0
"Kalkulation","$C$57","=Act_axn_k(x+$A57,MAX(0,n-$A57),Sex,Tafel,Zins,1)",0.0
"Kalkulation","$D$57","=Act_axn_k(x+$A57,MAX(0,t-$A57),Sex,Tafel,Zins,1)",0.0
"Kalkulation","$E$57","=B57-P_xt*D57+gamma2*(C57-Act_axn_k(x,n,Sex,Tafel,Zins,1)/Act_axn_k(x,t,Sex,Tafel,Zins,1)*D57)",0.0
"Kalkulation","$F$57","=VS*E57",0
"Kalkulation","$G$57","=B57+gamma3*C57",0.0
"Kalkulation","$H$57","=F57+alpha*t*BJB*Act_axn_k(x+A57,MAX(5-A57,0),Sex,Tafel,Zins,1)/Act_axn_k(x,5,Sex,Tafel,Zins,1)",0
"Kalkulation","$I$57","=IF(AND(x+A57>=MinAlterFlex,A57>=n-MinRLZFlex),1,0)",1.0
"Kalkulation","$J$57","=IF(OR(A57>n,I57),0,MIN(150,MAX(50,1%*(VS-F57))))",0
"Kalkulation","$K$57","=MAX(0,H57-J57)",0
"Kalkulation","$L$57","=IFERROR(IF(A57>n,0,IF(A57<t,H57/G57,VS)),0)",0
"Kalkulation","$A$58","42",42.0
"Kalkulation","$B$58","=IF(A58<=n,act_nGrAx(x+$A58,MAX(0,n-$A58),Sex,Tafel,Zins)+Act_Dx(x+n,Sex,Tafel,Zins)/Act_Dx(x+$A58,Sex,Tafel,Zins),0)",0.0
"Kalkulation","$C$58","=Act_axn_k(x+$A58,MAX(0,n-$A58),Sex,Tafel,Zins,1)",0.0
"Kalkulation","$D$58","=Act_axn_k(x+$A58,MAX(0,t-$A58),Sex,Tafel,Zins,1)",0.0
"Kalkulation","$E$58","=B58-P_xt*D58+gamma2*(C58-Act_axn_k(x,n,Sex,Tafel,Zins,1)/Act_axn_k(x,t,Sex,Tafel,Zins,1)*D58)",0.0
"Kalkulation","$F$58","=VS*E58",0
"Kalkulation","$G$58","=B58+gamma3*C58",0.0
"Kalkulation","$H$58","=F58+alpha*t*BJB*Act_axn_k(x+A58,MAX(5-A58,0),Sex,Tafel,Zins,1)/Act_axn_k(x,5,Sex,Tafel,Zins,1)",0
"Kalkulation","$I$58","=IF(AND(x+A58>=MinAlterFlex,A58>=n-MinRLZFlex),1,0)",1.0
"Kalkulation","$J$58","=IF(OR(A58>n,I58),0,MIN(150,MAX(50,1%*(VS-F58))))",0
"Kalkulation","$K$58","=MAX(0,H58-J58)",0
"Kalkulation","$L$58","=IFERROR(IF(A58>n,0,IF(A58<t,H58/G58,VS)),0)",0
"Kalkulation","$A$59","43",43.0
"Kalkulation","$B$59","=IF(A59<=n,act_nGrAx(x+$A59,MAX(0,n-$A59),Sex,Tafel,Zins)+Act_Dx(x+n,Sex,Tafel,Zins)/Act_Dx(x+$A59,Sex,Tafel,Zins),0)",0.0
"Kalkulation","$C$59","=Act_axn_k(x+$A59,MAX(0,n-$A59),Sex,Tafel,Zins,1)",0.0
"Kalkulation","$D$59","=Act_axn_k(x+$A59,MAX(0,t-$A59),Sex,Tafel,Zins,1)",0.0
"Kalkulation","$E$59","=B59-P_xt*D59+gamma2*(C59-Act_axn_k(x,n,Sex,Tafel,Zins,1)/Act_axn_k(x,t,Sex,Tafel,Zins,1)*D59)",0.0
"Kalkulation","$F$59","=VS*E59",0
"Kalkulation","$G$59","=B59+gamma3*C59",0.0
"Kalkulation","$H$59","=F59+alpha*t*BJB*Act_axn_k(x+A59,MAX(5-A59,0),Sex,Tafel,Zins,1)/Act_axn_k(x,5,Sex,Tafel,Zins,1)",0
"Kalkulation","$I$59","=IF(AND(x+A59>=MinAlterFlex,A59>=n-MinRLZFlex),1,0)",1.0
"Kalkulation","$J$59","=IF(OR(A59>n,I59),0,MIN(150,MAX(50,1%*(VS-F59))))",0
"Kalkulation","$K$59","=MAX(0,H59-J59)",0
"Kalkulation","$L$59","=IFERROR(IF(A59>n,0,IF(A59<t,H59/G59,VS)),0)",0
"Kalkulation","$A$60","44",44.0
"Kalkulation","$B$60","=IF(A60<=n,act_nGrAx(x+$A60,MAX(0,n-$A60),Sex,Tafel,Zins)+Act_Dx(x+n,Sex,Tafel,Zins)/Act_Dx(x+$A60,Sex,Tafel,Zins),0)",0.0
"Kalkulation","$C$60","=Act_axn_k(x+$A60,MAX(0,n-$A60),Sex,Tafel,Zins,1)",0.0
"Kalkulation","$D$60","=Act_axn_k(x+$A60,MAX(0,t-$A60),Sex,Tafel,Zins,1)",0.0
"Kalkulation","$E$60","=B60-P_xt*D60+gamma2*(C60-Act_axn_k(x,n,Sex,Tafel,Zins,1)/Act_axn_k(x,t,Sex,Tafel,Zins,1)*D60)",0.0
"Kalkulation","$F$60","=VS*E60",0
"Kalkulation","$G$60","=B60+gamma3*C60",0.0
"Kalkulation","$H$60","=F60+alpha*t*BJB*Act_axn_k(x+A60,MAX(5-A60,0),Sex,Tafel,Zins,1)/Act_axn_k(x,5,Sex,Tafel,Zins,1)",0
"Kalkulation","$I$60","=IF(AND(x+A60>=MinAlterFlex,A60>=n-MinRLZFlex),1,0)",1.0
"Kalkulation","$J$60","=IF(OR(A60>n,I60),0,MIN(150,MAX(50,1%*(VS-F60))))",0
"Kalkulation","$K$60","=MAX(0,H60-J60)",0
"Kalkulation","$L$60","=IFERROR(IF(A60>n,0,IF(A60<t,H60/G60,VS)),0)",0
"Kalkulation","$A$61","45",45.0
"Kalkulation","$B$61","=IF(A61<=n,act_nGrAx(x+$A61,MAX(0,n-$A61),Sex,Tafel,Zins)+Act_Dx(x+n,Sex,Tafel,Zins)/Act_Dx(x+$A61,Sex,Tafel,Zins),0)",0.0
"Kalkulation","$C$61","=Act_axn_k(x+$A61,MAX(0,n-$A61),Sex,Tafel,Zins,1)",0.0
"Kalkulation","$D$61","=Act_axn_k(x+$A61,MAX(0,t-$A61),Sex,Tafel,Zins,1)",0.0
"Kalkulation","$E$61","=B61-P_xt*D61+gamma2*(C61-Act_axn_k(x,n,Sex,Tafel,Zins,1)/Act_axn_k(x,t,Sex,Tafel,Zins,1)*D61)",0.0
"Kalkulation","$F$61","=VS*E61",0
"Kalkulation","$G$61","=B61+gamma3*C61",0.0
"Kalkulation","$H$61","=F61+alpha*t*BJB*Act_axn_k(x+A61,MAX(5-A61,0),Sex,Tafel,Zins,1)/Act_axn_k(x,5,Sex,Tafel,Zins,1)",0
"Kalkulation","$I$61","=IF(AND(x+A61>=MinAlterFlex,A61>=n-MinRLZFlex),1,0)",1.0
"Kalkulation","$J$61","=IF(OR(A61>n,I61),0,MIN(150,MAX(50,1%*(VS-F61))))",0
"Kalkulation","$K$61","=MAX(0,H61-J61)",0
"Kalkulation","$L$61","=IFERROR(IF(A61>n,0,IF(A61<t,H61/G61,VS)),0)",0
"Kalkulation","$A$62","46",46.0
"Kalkulation","$B$62","=IF(A62<=n,act_nGrAx(x+$A62,MAX(0,n-$A62),Sex,Tafel,Zins)+Act_Dx(x+n,Sex,Tafel,Zins)/Act_Dx(x+$A62,Sex,Tafel,Zins),0)",0.0
"Kalkulation","$C$62","=Act_axn_k(x+$A62,MAX(0,n-$A62),Sex,Tafel,Zins,1)",0.0
"Kalkulation","$D$62","=Act_axn_k(x+$A62,MAX(0,t-$A62),Sex,Tafel,Zins,1)",0.0
"Kalkulation","$E$62","=B62-P_xt*D62+gamma2*(C62-Act_axn_k(x,n,Sex,Tafel,Zins,1)/Act_axn_k(x,t,Sex,Tafel,Zins,1)*D62)",0.0
"Kalkulation","$F$62","=VS*E62",0
"Kalkulation","$G$62","=B62+gamma3*C62",0.0
"Kalkulation","$H$62","=F62+alpha*t*BJB*Act_axn_k(x+A62,MAX(5-A62,0),Sex,Tafel,Zins,1)/Act_axn_k(x,5,Sex,Tafel,Zins,1)",0
"Kalkulation","$I$62","=IF(AND(x+A62>=MinAlterFlex,A62>=n-MinRLZFlex),1,0)",1.0
"Kalkulation","$J$62","=IF(OR(A62>n,I62),0,MIN(150,MAX(50,1%*(VS-F62))))",0
"Kalkulation","$K$62","=MAX(0,H62-J62)",0
"Kalkulation","$L$62","=IFERROR(IF(A62>n,0,IF(A62<t,H62/G62,VS)),0)",0
"Kalkulation","$A$63","47",47.0
"Kalkulation","$B$63","=IF(A63<=n,act_nGrAx(x+$A63,MAX(0,n-$A63),Sex,Tafel,Zins)+Act_Dx(x+n,Sex,Tafel,Zins)/Act_Dx(x+$A63,Sex,Tafel,Zins),0)",0.0
"Kalkulation","$C$63","=Act_axn_k(x+$A63,MAX(0,n-$A63),Sex,Tafel,Zins,1)",0.0
"Kalkulation","$D$63","=Act_axn_k(x+$A63,MAX(0,t-$A63),Sex,Tafel,Zins,1)",0.0
"Kalkulation","$E$63","=B63-P_xt*D63+gamma2*(C63-Act_axn_k(x,n,Sex,Tafel,Zins,1)/Act_axn_k(x,t,Sex,Tafel,Zins,1)*D63)",0.0
"Kalkulation","$F$63","=VS*E63",0
"Kalkulation","$G$63","=B63+gamma3*C63",0.0
"Kalkulation","$H$63","=F63+alpha*t*BJB*Act_axn_k(x+A63,MAX(5-A63,0),Sex,Tafel,Zins,1)/Act_axn_k(x,5,Sex,Tafel,Zins,1)",0
"Kalkulation","$I$63","=IF(AND(x+A63>=MinAlterFlex,A63>=n-MinRLZFlex),1,0)",1.0
"Kalkulation","$J$63","=IF(OR(A63>n,I63),0,MIN(150,MAX(50,1%*(VS-F63))))",0
"Kalkulation","$K$63","=MAX(0,H63-J63)",0
"Kalkulation","$L$63","=IFERROR(IF(A63>n,0,IF(A63<t,H63/G63,VS)),0)",0
"Kalkulation","$A$64","48",48.0
"Kalkulation","$B$64","=IF(A64<=n,act_nGrAx(x+$A64,MAX(0,n-$A64),Sex,Tafel,Zins)+Act_Dx(x+n,Sex,Tafel,Zins)/Act_Dx(x+$A64,Sex,Tafel,Zins),0)",0.0
"Kalkulation","$C$64","=Act_axn_k(x+$A64,MAX(0,n-$A64),Sex,Tafel,Zins,1)",0.0
"Kalkulation","$D$64","=Act_axn_k(x+$A64,MAX(0,t-$A64),Sex,Tafel,Zins,1)",0.0
"Kalkulation","$E$64","=B64-P_xt*D64+gamma2*(C64-Act_axn_k(x,n,Sex,Tafel,Zins,1)/Act_axn_k(x,t,Sex,Tafel,Zins,1)*D64)",0.0
"Kalkulation","$F$64","=VS*E64",0
"Kalkulation","$G$64","=B64+gamma3*C64",0.0
"Kalkulation","$H$64","=F64+alpha*t*BJB*Act_axn_k(x+A64,MAX(5-A64,0),Sex,Tafel,Zins,1)/Act_axn_k(x,5,Sex,Tafel,Zins,1)",0
"Kalkulation","$I$64","=IF(AND(x+A64>=MinAlterFlex,A64>=n-MinRLZFlex),1,0)",1.0
"Kalkulation","$J$64","=IF(OR(A64>n,I64),0,MIN(150,MAX(50,1%*(VS-F64))))",0
"Kalkulation","$K$64","=MAX(0,H64-J64)",0
"Kalkulation","$L$64","=IFERROR(IF(A64>n,0,IF(A64<t,H64/G64,VS)),0)",0
"Kalkulation","$A$65","49",49.0
"Kalkulation","$B$65","=IF(A65<=n,act_nGrAx(x+$A65,MAX(0,n-$A65),Sex,Tafel,Zins)+Act_Dx(x+n,Sex,Tafel,Zins)/Act_Dx(x+$A65,Sex,Tafel,Zins),0)",0.0
"Kalkulation","$C$65","=Act_axn_k(x+$A65,MAX(0,n-$A65),Sex,Tafel,Zins,1)",0.0
"Kalkulation","$D$65","=Act_axn_k(x+$A65,MAX(0,t-$A65),Sex,Tafel,Zins,1)",0.0
"Kalkulation","$E$65","=B65-P_xt*D65+gamma2*(C65-Act_axn_k(x,n,Sex,Tafel,Zins,1)/Act_axn_k(x,t,Sex,Tafel,Zins,1)*D65)",0.0
"Kalkulation","$F$65","=VS*E65",0
"Kalkulation","$G$65","=B65+gamma3*C65",0.0
"Kalkulation","$H$65","=F65+alpha*t*BJB*Act_axn_k(x+A65,MAX(5-A65,0),Sex,Tafel,Zins,1)/Act_axn_k(x,5,Sex,Tafel,Zins,1)",0
"Kalkulation","$I$65","=IF(AND(x+A65>=MinAlterFlex,A65>=n-MinRLZFlex),1,0)",1.0
"Kalkulation","$J$65","=IF(OR(A65>n,I65),0,MIN(150,MAX(50,1%*(VS-F65))))",0
"Kalkulation","$K$65","=MAX(0,H65-J65)",0
"Kalkulation","$L$65","=IFERROR(IF(A65>n,0,IF(A65<t,H65/G65,VS)),0)",0
"Kalkulation","$A$66","50",50.0
"Kalkulation","$B$66","=IF(A66<=n,act_nGrAx(x+$A66,MAX(0,n-$A66),Sex,Tafel,Zins)+Act_Dx(x+n,Sex,Tafel,Zins)/Act_Dx(x+$A66,Sex,Tafel,Zins),0)",0.0
"Kalkulation","$C$66","=Act_axn_k(x+$A66,MAX(0,n-$A66),Sex,Tafel,Zins,1)",0.0
"Kalkulation","$D$66","=Act_axn_k(x+$A66,MAX(0,t-$A66),Sex,Tafel,Zins,1)",0.0
"Kalkulation","$E$66","=B66-P_xt*D66+gamma2*(C66-Act_axn_k(x,n,Sex,Tafel,Zins,1)/Act_axn_k(x,t,Sex,Tafel,Zins,1)*D66)",0.0
"Kalkulation","$F$66","=VS*E66",0
"Kalkulation","$G$66","=B66+gamma3*C66",0.0
"Kalkulation","$H$66","=F66+alpha*t*BJB*Act_axn_k(x+A66,MAX(5-A66,0),Sex,Tafel,Zins,1)/Act_axn_k(x,5,Sex,Tafel,Zins,1)",0
"Kalkulation","$I$66","=IF(AND(x+A66>=MinAlterFlex,A66>=n-MinRLZFlex),1,0)",1.0
"Kalkulation","$J$66","=IF(OR(A66>n,I66),0,MIN(150,MAX(50,1%*(VS-F66))))",0
"Kalkulation","$K$66","=MAX(0,H66-J66)",0
"Kalkulation","$L$66","=IFERROR(IF(A66>n,0,IF(A66<t,H66/G66,VS)),0)",0
"Tafeln","$A$3","x/y","x/y"
"Tafeln","$B$3","DAV1994_T_M","DAV1994_T_M"
"Tafeln","$C$3","DAV1994_T_F","DAV1994_T_F"
"Tafeln","$D$3","DAV2008_T_M","DAV2008_T_M"
"Tafeln","$E$3","DAV2008_T_F","DAV2008_T_F"
"Tafeln","$A$4","0",0.0
"Tafeln","$B$4","0.011687",0.011687
"Tafeln","$C$4","0.009003",0.009003
"Tafeln","$D$4","0.006113",0.006113
"Tafeln","$E$4","0.005088",0.005088
"Tafeln","$A$5","1",1.0
"Tafeln","$B$5","0.001008",0.001008
"Tafeln","$C$5","0.000867",0.000867
"Tafeln","$D$5","0.000423",0.000423
"Tafeln","$E$5","0.000387",0.000387
"Tafeln","$A$6","2",2.0
"Tafeln","$B$6","0.000728",0.000728
"Tafeln","$C$6","0.000624",0.000624
"Tafeln","$D$6","0.000343",0.000343
"Tafeln","$E$6","0.000318",0.000318
"Tafeln","$A$7","3",3.0
"Tafeln","$B$7","0.000542",0.000542
"Tafeln","$C$7","0.000444",0.000444
"Tafeln","$D$7","0.000275",0.000275
"Tafeln","$E$7","0.000255",0.000255
"Tafeln","$A$8","4",4.0
"Tafeln","$B$8","0.000473",0.000473
"Tafeln","$C$8","0.000345",0.000345
"Tafeln","$D$8","0.00022",0.00022
"Tafeln","$E$8","0.000202",0.000202
"Tafeln","$A$9","5",5.0
"Tafeln","$B$9","0.000452",0.000452
"Tafeln","$C$9","0.000307",0.000307
"Tafeln","$D$9","0.000182",0.000182
"Tafeln","$E$9","0.000163",0.000163
"Tafeln","$A$10","6",6.0
"Tafeln","$B$10","0.000433",0.000433
"Tafeln","$C$10","0.000293",0.000293
"Tafeln","$D$10","0.000155",0.000155
"Tafeln","$E$10","0.000134",0.000134
"Tafeln","$A$11","7",7.0
"Tafeln","$B$11","0.000408",0.000408
"Tafeln","$C$11","0.000283",0.000283
"Tafeln","$D$11","0.000139",0.000139
"Tafeln","$E$11","0.000115",0.000115
"Tafeln","$A$12","8",8.0
"Tafeln","$B$12","0.000379",0.000379
"Tafeln","$C$12","0.000275",0.000275
"Tafeln","$D$12","0.000129",0.000129
"Tafeln","$E$12","0.000105",0.000105
"Tafeln","$A$13","9",9.0
"Tafeln","$B$13","0.000352",0.000352
"Tafeln","$C$13","0.000268",0.000268
"Tafeln","$D$13","0.000125",0.000125
"Tafeln","$E$13","0.000099",9.9e-05
"Tafeln","$A$14","10",10.0
"Tafeln","$B$14","0.000334",0.000334
"Tafeln","$C$14","0.000261",0.000261
"Tafeln","$D$14","0.000129",0.000129
"Tafeln","$E$14","0.000102",0.000102
"Tafeln","$A$15","11",11.0
"Tafeln","$B$15","0.000331",0.000331
"Tafeln","$C$15","0.00026",0.00026
"Tafeln","$D$15","0.000143",0.000143
"Tafeln","$E$15","0.000111",0.000111
"Tafeln","$A$16","12",12.0
"Tafeln","$B$16","0.00034",0.00034
"Tafeln","$C$16","0.000267",0.000267
"Tafeln","$D$16","0.000173",0.000173
"Tafeln","$E$16","0.000127",0.000127
"Tafeln","$A$17","13",13.0
"Tafeln","$B$17","0.000371",0.000371
"Tafeln","$C$17","0.000281",0.000281
"Tafeln","$D$17","0.000222",0.000222
"Tafeln","$E$17","0.000153",0.000153
"Tafeln","$A$18","14",14.0
"Tafeln","$B$18","0.000451",0.000451
"Tafeln","$C$18","0.000307",0.000307
"Tafeln","$D$18","0.000303",0.000303
"Tafeln","$E$18","0.000188",0.000188
"Tafeln","$A$19","15",15.0
"Tafeln","$B$19","0.000593",0.000593
"Tafeln","$C$19","0.000353",0.000353
"Tafeln","$D$19","0.000417",0.000417
"Tafeln","$E$19","0.000228",0.000228
"Tafeln","$A$20","16",16.0
"Tafeln","$B$20","0.000792",0.000792
"Tafeln","$C$20","0.000416",0.000416
"Tafeln","$D$20","0.000557",0.000557
"Tafeln","$E$20","0.000271",0.000271
"Tafeln","$A$21","17",17.0
"Tafeln","$B$21","0.00104",0.00104
"Tafeln","$C$21","0.00048",0.00048
"Tafeln","$D$21","0.000709",0.000709
"Tafeln","$E$21","0.00031",0.00031
"Tafeln","$A$22","18",18.0
"Tafeln","$B$22","0.001298",0.001298
"Tafeln","$C$22","0.000537",0.000537
"Tafeln","$D$22","0.00085",0.00085
"Tafeln","$E$22","0.000324",0.000324
"Tafeln","$A$23","19",19.0
"Tafeln","$B$23","0.001437",0.001437
"Tafeln","$C$23","0.00056",0.00056
"Tafeln","$D$23","0.000953",0.000953
"Tafeln","$E$23","0.00033",0.00033
"Tafeln","$A$24","20",20.0
"Tafeln","$B$24","0.001476",0.001476
"Tafeln","$C$24","0.00056",0.00056
"Tafeln","$D$24","0.001012",0.001012
"Tafeln","$E$24","0.000328",0.000328
"Tafeln","$A$25","21",21.0
"Tafeln","$B$25","0.001476",0.001476
"Tafeln","$C$25","0.00056",0.00056
"Tafeln","$D$25","0.001022",0.001022
"Tafeln","$E$25","0.000322",0.000322
"Tafeln","$A$26","22",22.0
"Tafeln","$B$26","0.001476",0.001476
"Tafeln","$C$26","0.00056",0.00056
"Tafeln","$D$26","0.001004",0.001004
"Tafeln","$E$26","0.000314",0.000314
"Tafeln","$A$27","23",23.0
"Tafeln","$B$27","0.001476",0.001476
"Tafeln","$C$27","0.00056",0.00056
"Tafeln","$D$27","0.000963",0.000963
"Tafeln","$E$27","0.000304",0.000304
"Tafeln","$A$28","24",24.0
"Tafeln","$B$28","0.001476",0.001476
"Tafeln","$C$28","0.00056",0.00056
"Tafeln","$D$28","0.000911",0.000911
"Tafeln","$E$28","0.000297",0.000297
"Tafeln","$A$29","25",25.0
"Tafeln","$B$29","0.001476",0.001476
"Tafeln","$C$29","0.00056",0.00056
"Tafeln","$D$29","0.000856",0.000856
"Tafeln","$E$29","0.000293",0.000293
"Tafeln","$A$30","26",26.0
"Tafeln","$B$30","0.001476",0.001476
"Tafeln","$C$30","0.00056",0.00056
"Tafeln","$D$30","0.000808",0.000808
"Tafeln","$E$30","0.000292",0.000292
"Tafeln","$A$31","27",27.0
"Tafeln","$B$31","0.001476",0.001476
"Tafeln","$C$31","0.000581",0.000581
"Tafeln","$D$31","0.000772",0.000772
"Tafeln","$E$31","0.000292",0.000292
"Tafeln","$A$32","28",28.0
"Tafeln","$B$32","0.001476",0.001476
"Tafeln","$C$32","0.000612",0.000612
"Tafeln","$D$32","0.000752",0.000752
"Tafeln","$E$32","0.000296",0.000296
"Tafeln","$A$33","29",29.0
"Tafeln","$B$33","0.001476",0.001476
"Tafeln","$C$33","0.000645",0.000645
"Tafeln","$D$33","0.000745",0.000745
"Tafeln","$E$33","0.000302",0.000302
"Tafeln","$A$34","30",30.0
"Tafeln","$B$34","0.001476",0.001476
"Tafeln","$C$34","0.000689",0.000689
"Tafeln","$D$34","0.000752",0.000752
"Tafeln","$E$34","0.000311",0.000311
"Tafeln","$A$35","31",31.0
"Tafeln","$B$35","0.001476",0.001476
"Tafeln","$C$35","0.000735",0.000735
"Tafeln","$D$35","0.000768",0.000768
"Tafeln","$E$35","0.000327",0.000327
"Tafeln","$A$36","32",32.0
"Tafeln","$B$36","0.001489",0.001489
"Tafeln","$C$36","0.000783",0.000783
"Tafeln","$D$36","0.000791",0.000791
"Tafeln","$E$36","0.000351",0.000351
"Tafeln","$A$37","33",33.0
"Tafeln","$B$37","0.001551",0.001551
"Tafeln","$C$37","0.000833",0.000833
"Tafeln","$D$37","0.00082",0.00082
"Tafeln","$E$37","0.000386",0.000386
"Tafeln","$A$38","34",34.0
"Tafeln","$B$38","0.001641",0.001641
"Tafeln","$C$38","0.000897",0.000897
"Tafeln","$D$38","0.000855",0.000855
"Tafeln","$E$38","0.000433",0.000433
"Tafeln","$A$39","35",35.0
"Tafeln","$B$39","0.001747",0.001747
"Tafeln","$C$39","0.000971",0.000971
"Tafeln","$D$39","0.000895",0.000895
"Tafeln","$E$39","0.00049",0.00049
"Tafeln","$A$40","36",36.0
"Tafeln","$B$40","0.001869",0.001869
"Tafeln","$C$40","0.001057",0.001057
"Tafeln","$D$40","0.000945",0.000945
"Tafeln","$E$40","0.000555",0.000555
"Tafeln","$A$41","37",37.0
"Tafeln","$B$41","0.002007",0.002007
"Tafeln","$C$41","0.001156",0.001156
"Tafeln","$D$41","0.001005",0.001005
"Tafeln","$E$41","0.000624",0.000624
"Tafeln","$A$42","38",38.0
"Tafeln","$B$42","0.002167",0.002167
"Tafeln","$C$42","0.001267",0.001267
"Tafeln","$D$42","0.001083",0.001083
"Tafeln","$E$42","0.000701",0.000701
"Tafeln","$A$43","39",39.0
"Tafeln","$B$43","0.002354",0.002354
"Tafeln","$C$43","0.00139",0.00139
"Tafeln","$D$43","0.001181",0.001181
"Tafeln","$E$43","0.000783",0.000783
"Tafeln","$A$44","40",40.0
"Tafeln","$B$44","0.002569",0.002569
"Tafeln","$C$44","0.001524",0.001524
"Tafeln","$D$44","0.001301",0.001301
"Tafeln","$E$44","0.000872",0.000872
"Tafeln","$A$45","41",41.0
"Tafeln","$B$45","0.002823",0.002823
"Tafeln","$C$45","0.001672",0.001672
"Tafeln","$D$45","0.001447",0.001447
"Tafeln","$E$45","0.000972",0.000972
"Tafeln","$A$46","42",42.0
"Tafeln","$B$46","0.003087",0.003087
"Tafeln","$C$46","0.001812",0.001812
"Tafeln","$D$46","0.001623",0.001623
"Tafeln","$E$46","0.001084",0.001084
"Tafeln","$A$47","43",43.0
"Tafeln","$B$47","0.003387",0.003387
"Tafeln","$C$47","0.001964",0.001964
"Tafeln","$D$47","0.001833",0.001833
"Tafeln","$E$47","0.001213",0.001213
"Tafeln","$A$48","44",44.0
"Tafeln","$B$48","0.003726",0.003726
"Tafeln","$C$48","0.002126",0.002126
"Tafeln","$D$48","0.002082",0.002082
"Tafeln","$E$48","0.001359",0.001359
"Tafeln","$A$49","45",45.0
"Tafeln","$B$49","0.0041",0.0041
"Tafeln","$C$49","0.002295",0.002295
"Tafeln","$D$49","0.002364",0.002364
"Tafeln","$E$49","0.001524",0.001524
"Tafeln","$A$50","46",46.0
"Tafeln","$B$50","0.004522",0.004522
"Tafeln","$C$50","0.00248",0.00248
"Tafeln","$D$50","0.002669",0.002669
"Tafeln","$E$50","0.001706",0.001706
"Tafeln","$A$51","47",47.0
"Tafeln","$B$51","0.004983",0.004983
"Tafeln","$C$51","0.002676",0.002676
"Tafeln","$D$51","0.002983",0.002983
"Tafeln","$E$51","0.001903",0.001903
"Tafeln","$A$52","48",48.0
"Tafeln","$B$52","0.005508",0.005508
"Tafeln","$C$52","0.002902",0.002902
"Tafeln","$D$52","0.003302",0.003302
"Tafeln","$E$52","0.002109",0.002109
"Tafeln","$A$53","49",49.0
"Tafeln","$B$53","0.006094",0.006094
"Tafeln","$C$53","0.003151",0.003151
"Tafeln","$D$53","0.00363",0.00363
"Tafeln","$E$53","0.002324",0.002324
"Tafeln","$A$54","50",50.0
"Tafeln","$B$54","0.006751",0.006751
"Tafeln","$C$54","0.003425",0.003425
"Tafeln","$D$54","0.003981",0.003981
"Tafeln","$E$54","0.002546",0.002546
"Tafeln","$A$55","51",51.0
"Tafeln","$B$55","0.007485",0.007485
"Tafeln","$C$55","0.003728",0.003728
"Tafeln","$D$55","0.004371",0.004371
"Tafeln","$E$55","0.002782",0.002782
"Tafeln","$A$56","52",52.0
"Tafeln","$B$56","0.008302",0.008302
"Tafeln","$C$56","0.004066",0.004066
"Tafeln","$D$56","0.004812",0.004812
"Tafeln","$E$56","0.003035",0.003035
"Tafeln","$A$57","53",53.0
"Tafeln","$B$57","0.009215",0.009215
"Tafeln","$C$57","0.00445",0.00445
"Tafeln","$D$57","0.005308",0.005308
"Tafeln","$E$57","0.003306",0.003306
"Tafeln","$A$58","54",54.0
"Tafeln","$B$58","0.010195",0.010195
"Tafeln","$C$58","0.004862",0.004862
"Tafeln","$D$58","0.005857",0.005857
"Tafeln","$E$58","0.003593",0.003593
"Tafeln","$A$59","55",55.0
"Tafeln","$B$59","0.011236",0.011236
"Tafeln","$C$59","0.005303",0.005303
"Tafeln","$D$59","0.00646",0.00646
"Tafeln","$E$59","0.003898",0.003898
"Tafeln","$A$60","56",56.0
"Tafeln","$B$60","0.01234",0.01234
"Tafeln","$C$60","0.005777",0.005777
"Tafeln","$D$60","0.007117",0.007117
"Tafeln","$E$60","0.004228",0.004228
"Tafeln","$A$61","57",57.0
"Tafeln","$B$61","0.013519",0.013519
"Tafeln","$C$61","0.006302",0.006302
"Tafeln","$D$61","0.007831",0.007831
"Tafeln","$E$61","0.004585",0.004585
"Tafeln","$A$62","58",58.0
"Tafeln","$B$62","0.014784",0.014784
"Tafeln","$C$62","0.006884",0.006884
"Tafeln","$D$62","0.008604",0.008604
"Tafeln","$E$62","0.004974",0.004974
"Tafeln","$A$63","59",59.0
"Tafeln","$B$63","0.01615",0.01615
"Tafeln","$C$63","0.00753",0.00753
"Tafeln","$D$63","0.009454",0.009454
"Tafeln","$E$63","0.005402",0.005402
"Tafeln","$A$64","60",60.0
"Tafeln","$B$64","0.017625",0.017625
"Tafeln","$C$64","0.00824",0.00824
"Tafeln","$D$64","0.010404",0.010404
"Tafeln","$E$64","0.005884",0.005884
"Tafeln","$A$65","61",61.0
"Tafeln","$B$65","0.019223",0.019223
"Tafeln","$C$65","0.009022",0.009022
"Tafeln","$D$65","0.011504",0.011504
"Tafeln","$E$65","0.006449",0.006449
"Tafeln","$A$66","62",62.0
"Tafeln","$B$66","0.020956",0.020956
"Tafeln","$C$66","0.009884",0.009884
"Tafeln","$D$66","0.012818",0.012818
"Tafeln","$E$66","0.007126",0.007126
"Tafeln","$A$67","63",63.0
"Tafeln","$B$67","0.022833",0.022833
"Tafeln","$C$67","0.010839",0.010839
"Tafeln","$D$67","0.014429",0.014429
"Tafeln","$E$67","0.007935",0.007935
"Tafeln","$A$68","64",64.0
"Tafeln","$B$68","0.024858",0.024858
"Tafeln","$C$68","0.011889",0.011889
"Tafeln","$D$68","0.016415",0.016415
"Tafeln","$E$68","0.008898",0.008898
"Tafeln","$A$69","65",65.0
"Tafeln","$B$69","0.027073",0.027073
"Tafeln","$C$69","0.013054",0.013054
"Tafeln","$D$69","0.018832",0.018832
"Tafeln","$E$69","0.010025",0.010025
"Tafeln","$A$70","66",66.0
"Tafeln","$B$70","0.029552",0.029552
"Tafeln","$C$70","0.014371",0.014371
"Tafeln","$D$70","0.021704",0.021704
"Tafeln","$E$70","0.011323",0.011323
"Tafeln","$A$71","67",67.0
"Tafeln","$B$71","0.03235",0.03235
"Tafeln","$C$71","0.015874",0.015874
"Tafeln","$D$71","0.025016",0.025016
"Tafeln","$E$71","0.012797",0.012797
"Tafeln","$A$72","68",68.0
"Tafeln","$B$72","0.035632",0.035632
"Tafeln","$C$72","0.017667",0.017667
"Tafeln","$D$72","0.028738",0.028738
"Tafeln","$E$72","0.01446",0.01446
"Tafeln","$A$73","69",69.0
"Tafeln","$B$73","0.039224",0.039224
"Tafeln","$C$73","0.019657",0.019657
"Tafeln","$D$73","0.032822",0.032822
"Tafeln","$E$73","0.016332",0.016332
"Tafeln","$A$74","70",70.0
"Tafeln","$B$74","0.043127",0.043127
"Tafeln","$C$74","0.021861",0.021861
"Tafeln","$D$74","0.037219",0.037219
"Tafeln","$E$74","0.01844",0.01844
"Tafeln","$A$75","71",71.0
"Tafeln","$B$75","0.0474",0.0474
"Tafeln","$C$75","0.024344",0.024344
"Tafeln","$D$75","0.04188",0.04188
"Tafeln","$E$75","0.020813",0.020813
"Tafeln","$A$76","72",72.0
"Tafeln","$B$76","0.05211",0.05211
"Tafeln","$C$76","0.027191",0.027191
"Tafeln","$D$76","0.046597",0.046597
"Tafeln","$E$76","0.023475",0.023475
"Tafeln","$A$77","73",73.0
"Tafeln","$B$77","0.057472",0.057472
"Tafeln","$C$77","0.030576",0.030576
"Tafeln","$D$77","0.051181",0.051181
"Tafeln","$E$77","0.027035",0.027035
"Tafeln","$A$78","74",74.0
"Tafeln","$B$78","0.06344",0.06344
"Tafeln","$C$78","0.034504",0.034504
"Tafeln","$D$78","0.05611",0.05611
"Tafeln","$E$78","0.030413",0.030413
"Tafeln","$A$79","75",75.0
"Tafeln","$B$79","0.070039",0.070039
"Tafeln","$C$79","0.03903",0.03903
"Tafeln","$D$79","0.061477",0.061477
"Tafeln","$E$79","0.034287",0.034287
"Tafeln","$A$80","76",76.0
"Tafeln","$B$80","0.077248",0.077248
"Tafeln","$C$80","0.044184",0.044184
"Tafeln","$D$80","0.067433",0.067433
"Tafeln","$E$80","0.038749",0.038749
"Tafeln","$A$81","77",77.0
"Tafeln","$B$81","0.085073",0.085073
"Tafeln","$C$81","0.050014",0.050014
"Tafeln","$D$81","0.07416",0.07416
"Tafeln","$E$81","0.043937",0.043937
"Tafeln","$A$82","78",78.0
"Tafeln","$B$82","0.093534",0.093534
"Tafeln","$C$82","0.056574",0.056574
"Tafeln","$D$82","0.081806",0.081806
"Tafeln","$E$82","0.049993",0.049993
"Tafeln","$A$83","79",79.0
"Tafeln","$B$83","0.102662",0.102662
"Tafeln","$C$83","0.063921",0.063921
"Tafeln","$D$83","0.090478",0.090478
"Tafeln","$E$83","0.057024",0.057024
"Tafeln","$A$84","80",80.0
"Tafeln","$B$84","0.112477",0.112477
"Tafeln","$C$84","0.072101",0.072101
"Tafeln","$D$84","0.100261",0.100261
"Tafeln","$E$84","0.065113",0.065113
"Tafeln","$A$85","81",81.0
"Tafeln","$B$85","0.122995",0.122995
"Tafeln","$C$85","0.081151",0.081151
"Tafeln","$D$85","0.111193",0.111193
"Tafeln","$E$85","0.074288",0.074288
"Tafeln","$A$86","82",82.0
"Tafeln","$B$86","0.134231",0.134231
"Tafeln","$C$86","0.091096",0.091096
"Tafeln","$D$86","0.123283",0.123283
"Tafeln","$E$86","0.08459",0.08459
"Tafeln","$A$87","83",83.0
"Tafeln","$B$87","0.146212",0.146212
"Tafeln","$C$87","0.10197",0.10197
"Tafeln","$D$87","0.136498",0.136498
"Tafeln","$E$87","0.096095",0.096095
"Tafeln","$A$88","84",84.0
"Tafeln","$B$88","0.158964",0.158964
"Tafeln","$C$88","0.113798",0.113798
"Tafeln","$D$88","0.150887",0.150887
"Tafeln","$E$88","0.109028",0.109028
"Tafeln","$A$89","85",85.0
"Tafeln","$B$89","0.172512",0.172512
"Tafeln","$C$89","0.126628",0.126628
"Tafeln","$D$89","0.1665",0.1665
"Tafeln","$E$89","0.123611",0.123611
"Tafeln","$A$90","86",86.0
"Tafeln","$B$90","0.186896",0.186896
"Tafeln","$C$90","0.140479",0.140479
"Tafeln","$D$90","0.183344",0.183344
"Tafeln","$E$90","0.140022",0.140022
"Tafeln","$A$91","87",87.0
"Tafeln","$B$91","0.202185",0.202185
"Tafeln","$C$91","0.155379",0.155379
"Tafeln","$D$91","0.201323",0.201323
"Tafeln","$E$91","0.158257",0.158257
"Tafeln","$A$92","88",88.0
"Tafeln","$B$92","0.218413",0.218413
"Tafeln","$C$92","0.171325",0.171325
"Tafeln","$D$92","0.220284",0.220284
"Tafeln","$E$92","0.178185",0.178185
"Tafeln","$A$93","89",89.0
"Tafeln","$B$93","0.235597",0.235597
"Tafeln","$C$93","0.188318",0.188318
"Tafeln","$D$93","0.240073",0.240073
"Tafeln","$E$93","0.199669",0.199669
"Tafeln","$A$94","90",90.0
"Tafeln","$B$94","0.253691",0.253691
"Tafeln","$C$94","0.206375",0.206375
"Tafeln","$D$94","0.260556",0.260556
"Tafeln","$E$94","0.222504",0.222504
"Tafeln","$A$95","91",91.0
"Tafeln","$B$95","0.272891",0.272891
"Tafeln","$C$95","0.225558",0.225558
"Tafeln","$D$95","0.281602",0.281602
"Tafeln","$E$95","0.246453",0.246453
"Tafeln","$A$96","92",92.0
"Tafeln","$B$96","0.293142",0.293142
"Tafeln","$C$96","0.245839",0.245839
"Tafeln","$D$96","0.303079",0.303079
"Tafeln","$E$96","0.271195",0.271195
"Tafeln","$A$97","93",93.0
"Tafeln","$B$97","0.314638",0.314638
"Tafeln","$C$97","0.26727",0.26727
"Tafeln","$D$97","0.324872",0.324872
"Tafeln","$E$97","0.295584",0.295584
"Tafeln","$A$98","94",94.0
"Tafeln","$B$98","0.337739",0.337739
"Tafeln","$C$98","0.289983",0.289983
"Tafeln","$D$98","0.346887",0.346887
"Tafeln","$E$98","0.319362",0.319362
"Tafeln","$A$99","95",95.0
"Tafeln","$B$99","0.36206",0.36206
"Tafeln","$C$99","0.314007",0.314007
"Tafeln","$D$99","0.369051",0.369051
"Tafeln","$E$99","0.343441",0.343441
"Tafeln","$A$100","96",96.0
"Tafeln","$B$100","0.388732",0.388732
"Tafeln","$C$100","0.340119",0.340119
"Tafeln","$D$100","0.391305",0.391305
"Tafeln","$E$100","0.367818",0.367818
"Tafeln","$A$101","97",97.0
"Tafeln","$B$101","0.419166",0.419166
"Tafeln","$C$101","0.367388",0.367388
"Tafeln","$D$101","0.413938",0.413938
"Tafeln","$E$101","0.392493",0.392493
"Tafeln","$A$102","98",98.0
"Tafeln","$B$102","0.452008",0.452008
"Tafeln","$C$102","0.397027",0.397027
"Tafeln","$D$102","0.437313",0.437313
"Tafeln","$E$102","0.41746",0.41746
"Tafeln","$A$103","99",99.0
"Tafeln","$B$103","0.4864",0.4864
"Tafeln","$C$103","0.428748",0.428748
"Tafeln","$D$103","0.461101",0.461101
"Tafeln","$E$103","0.442716",0.442716
"Tafeln","$A$104","100",100.0
"Tafeln","$B$104","1",1.0
"Tafeln","$C$104","1",1.0
"Tafeln","$D$104","0.485304",0.485304
"Tafeln","$E$104","0.468258",0.468258
"Tafeln","$A$105","101",101.0
"Tafeln","$B$105","1",1.0
"Tafeln","$C$105","1",1.0
"Tafeln","$D$105","0.509924",0.509924
"Tafeln","$E$105","0.494075",0.494075
"Tafeln","$A$106","102",102.0
"Tafeln","$B$106","1",1.0
"Tafeln","$C$106","1",1.0
"Tafeln","$D$106","0.534957",0.534957
"Tafeln","$E$106","0.520164",0.520164
"Tafeln","$A$107","103",103.0
"Tafeln","$B$107","1",1.0
"Tafeln","$C$107","1",1.0
"Tafeln","$D$107","0.560407",0.560407
"Tafeln","$E$107","0.546514",0.546514
"Tafeln","$A$108","104",104.0
"Tafeln","$B$108","1",1.0
"Tafeln","$C$108","1",1.0
"Tafeln","$D$108","0.586265",0.586265
"Tafeln","$E$108","0.573114",0.573114
"Tafeln","$A$109","105",105.0
"Tafeln","$B$109","1",1.0
"Tafeln","$C$109","1",1.0
"Tafeln","$D$109","0.612529",0.612529
"Tafeln","$E$109","0.599953",0.599953
"Tafeln","$A$110","106",106.0
"Tafeln","$B$110","1",1.0
"Tafeln","$C$110","1",1.0
"Tafeln","$D$110","0.639188",0.639188
"Tafeln","$E$110","0.627014",0.627014
"Tafeln","$A$111","107",107.0
"Tafeln","$B$111","1",1.0
"Tafeln","$C$111","1",1.0
"Tafeln","$D$111","0.666233",0.666233
"Tafeln","$E$111","0.654283",0.654283
"Tafeln","$A$112","108",108.0
"Tafeln","$B$112","1",1.0
"Tafeln","$C$112","1",1.0
"Tafeln","$D$112","0.693651",0.693651
"Tafeln","$E$112","0.681741",0.681741
"Tafeln","$A$113","109",109.0
"Tafeln","$B$113","1",1.0
"Tafeln","$C$113","1",1.0
"Tafeln","$D$113","0.721425",0.721425
"Tafeln","$E$113","0.709364",0.709364
"Tafeln","$A$114","110",110.0
"Tafeln","$B$114","1",1.0
"Tafeln","$C$114","1",1.0
"Tafeln","$D$114","0.749533",0.749533
"Tafeln","$E$114","0.73713",0.73713
"Tafeln","$A$115","111",111.0
"Tafeln","$B$115","1",1.0
"Tafeln","$C$115","1",1.0
"Tafeln","$D$115","0.77795",0.77795
"Tafeln","$E$115","0.765011",0.765011
"Tafeln","$A$116","112",112.0
"Tafeln","$B$116","1",1.0
"Tafeln","$C$116","1",1.0
"Tafeln","$D$116","0.806647",0.806647
"Tafeln","$E$116","0.792974",0.792974
"Tafeln","$A$117","113",113.0
"Tafeln","$B$117","1",1.0
"Tafeln","$C$117","1",1.0
"Tafeln","$D$117","0.835585",0.835585
"Tafeln","$E$117","0.820987",0.820987
"Tafeln","$A$118","114",114.0
"Tafeln","$B$118","1",1.0
"Tafeln","$C$118","1",1.0
"Tafeln","$D$118","0.864722",0.864722
"Tafeln","$E$118","0.849009",0.849009
"Tafeln","$A$119","115",115.0
"Tafeln","$B$119","1",1.0
"Tafeln","$C$119","1",1.0
"Tafeln","$D$119","0.894008",0.894008
"Tafeln","$E$119","0.876998",0.876998
"Tafeln","$A$120","116",116.0
"Tafeln","$B$120","1",1.0
"Tafeln","$C$120","1",1.0
"Tafeln","$D$120","0.923382",0.923382
"Tafeln","$E$120","0.904905",0.904905
"Tafeln","$A$121","117",117.0
"Tafeln","$B$121","1",1.0
"Tafeln","$C$121","1",1.0
"Tafeln","$D$121","0.952778",0.952778
"Tafeln","$E$121","0.932675",0.932675
"Tafeln","$A$122","118",118.0
"Tafeln","$B$122","1",1.0
"Tafeln","$C$122","1",1.0
"Tafeln","$D$122","0.982113",0.982113
"Tafeln","$E$122","0.960249",0.960249
"Tafeln","$A$123","119",119.0
"Tafeln","$B$123","1",1.0
"Tafeln","$C$123","1",1.0
"Tafeln","$D$123","1",1.0
"Tafeln","$E$123","0.987564",0.987564
"Tafeln","$A$124","120",120.0
"Tafeln","$B$124","1",1.0
"Tafeln","$C$124","1",1.0
"Tafeln","$D$124","1",1.0
"Tafeln","$E$124","1",1.0
"Tafeln","$A$125","121",121.0
"Tafeln","$B$125","1",1.0
"Tafeln","$C$125","1",1.0
"Tafeln","$D$125","1",1.0
"Tafeln","$E$125","1",1.0
"Tafeln","$A$126","122",122.0
"Tafeln","$B$126","1",1.0
"Tafeln","$C$126","1",1.0
"Tafeln","$D$126","1",1.0
"Tafeln","$E$126","1",1.0
"Tafeln","$A$127","123",123.0
"Tafeln","$B$127","1",1.0
"Tafeln","$C$127","1",1.0
"Tafeln","$D$127","1",1.0
"Tafeln","$E$127","1",1.0
